# SOURMASH-MANIFEST-VERSION: 1.0
internal_location,md5,md5short,ksize,moltype,num,scaled,n_hashes,with_abundance,name,filename
signatures/caec8a9ab55b83745d586cafa31a802f.sig.gz,caec8a9ab55b83745d586cafa31a802f,caec8a9a,31,DNA,0,1000,2506,0,GCF_000158275.2 Fusobacterium animalis 7_1,GCF_000158275.2_ASM15827v2_genomic.fna.gz
signatures/72a4eb407a4731d8ffa6f30629145581.sig.gz,72a4eb407a4731d8ffa6f30629145581,72a4eb40,31,DNA,0,1000,2156,0,GCF_000162235.2 Fusobacterium vincentii 3_1_36A2,GCF_000162235.2_ASM16223v2_genomic.fna.gz
signatures/5f4d17f1bd5bf68a077f280f6705c0c0.sig.gz,5f4d17f1bd5bf68a077f280f6705c0c0,5f4d17f1,31,DNA,0,1000,2101,0,GCF_000163915.2 Fusobacterium vincentii 3_1_27,GCF_000163915.2_ASM16391v2_genomic.fna.gz
signatures/7567a849582da48403c066568db22d77.sig.gz,7567a849582da48403c066568db22d77,7567a849,31,DNA,0,1000,2255,0,GCF_000400875.1 Fusobacterium animalis 4_8,GCF_000400875.1_ASM40087v1_genomic.fna.gz
signatures/d617fb14b1baaf64614e62b3f20901ff.sig.gz,d617fb14b1baaf64614e62b3f20901ff,d617fb14,31,DNA,0,1000,2409,0,GCF_001296085.1 Fusobacterium animalis,GCF_001296085.1_ASM129608v1_genomic.fna.gz
signatures/120ab1b7680408228755f439a0b1f258.sig.gz,120ab1b7680408228755f439a0b1f258,120ab1b7,31,DNA,0,1000,1978,0,GCF_001296125.1 Fusobacterium vincentii ChDC F8,GCF_001296125.1_ASM129612v1_genomic.fna.gz
signatures/d72e986c06bc039dfd4f6ee7777f503f.sig.gz,d72e986c06bc039dfd4f6ee7777f503f,d72e986c,31,DNA,0,1000,2314,0,GCF_001296145.1 Fusobacterium animalis,GCF_001296145.1_ASM129614v1_genomic.fna.gz
signatures/62e365b552d14a5fba4df4cd469829cb.sig.gz,62e365b552d14a5fba4df4cd469829cb,62e365b5,31,DNA,0,1000,2251,0,GCF_001296165.1 Fusobacterium nucleatum subsp. nucleatum ChDC F316,GCF_001296165.1_ASM129616v1_genomic.fna.gz
signatures/9b4c1bfe074c102fd65c1b089ee89cdc.sig.gz,9b4c1bfe074c102fd65c1b089ee89cdc,9b4c1bfe,31,DNA,0,1000,2588,0,GCF_001433955.1 Fusobacterium polymorphum,GCF_001433955.1_ASM143395v1_genomic.fna.gz
signatures/73bc107884e7da021bb68741c3f2b353.sig.gz,73bc107884e7da021bb68741c3f2b353,73bc1078,31,DNA,0,1000,2305,0,GCF_001455085.1 Fusobacterium hwasookii ChDC F206,GCF_001455085.1_ASM145508v1_genomic.fna.gz
signatures/2ffbff7432ebc7c58447b443ef68625d.sig.gz,2ffbff7432ebc7c58447b443ef68625d,2ffbff74,31,DNA,0,1000,2430,0,GCF_001455105.1 Fusobacterium hwasookii ChDC F300,GCF_001455105.1_ASM145510v1_genomic.fna.gz
signatures/ed088bc4ea71ae5889939ecf23bbb824.sig.gz,ed088bc4ea71ae5889939ecf23bbb824,ed088bc4,31,DNA,0,1000,2482,0,GCF_001455145.1 Fusobacterium hwasookii ChDC F174,GCF_001455145.1_ASM145514v1_genomic.fna.gz
signatures/1cfb9c2c8c5ece22c205b7cb1cb18cc6.sig.gz,1cfb9c2c8c5ece22c205b7cb1cb18cc6,1cfb9c2c,31,DNA,0,1000,2427,0,GCF_001457555.1 Fusobacterium polymorphum,GCF_001457555.1_NCTC10562_genomic.fna.gz
signatures/e19b3f2e748520ea235d5c379ea4e80d.sig.gz,e19b3f2e748520ea235d5c379ea4e80d,e19b3f2e,31,DNA,0,1000,2252,0,GCF_002211605.1 Fusobacterium nucleatum subsp. nucleatum,GCF_002211605.1_ASM221160v1_genomic.fna.gz
signatures/913f45591d83f7cbe32a6ca38764c41f.sig.gz,913f45591d83f7cbe32a6ca38764c41f,913f4559,31,DNA,0,1000,2487,0,GCF_002211625.1 Fusobacterium polymorphum,GCF_002211625.1_ASM221162v1_genomic.fna.gz
signatures/19dd606583331825ffb5a8b198ee1514.sig.gz,19dd606583331825ffb5a8b198ee1514,19dd6065,31,DNA,0,1000,2088,0,GCF_002763595.1 Fusobacterium pseudoperiodonticum,GCF_002763595.1_ASM276359v1_genomic.fna.gz
signatures/94aba1f3d941234adcf65bce1297bf0e.sig.gz,94aba1f3d941234adcf65bce1297bf0e,94aba1f3,31,DNA,0,1000,2264,0,GCF_002763625.1 Fusobacterium pseudoperiodonticum,GCF_002763625.1_ASM276362v1_genomic.fna.gz
signatures/36abed350fb0d57e0dccf5ed198af1cf.sig.gz,36abed350fb0d57e0dccf5ed198af1cf,36abed35,31,DNA,0,1000,2577,0,GCF_002763695.1 Fusobacterium pseudoperiodonticum,GCF_002763695.1_ASM276369v1_genomic.fna.gz
signatures/c23c1b34c93b81e07758e2eec13a12f0.sig.gz,c23c1b34c93b81e07758e2eec13a12f0,c23c1b34,31,DNA,0,1000,2169,0,GCF_002763735.1 Fusobacterium pseudoperiodonticum,GCF_002763735.1_ASM276373v1_genomic.fna.gz
signatures/2142668219c02df8c8459eb149a94516.sig.gz,2142668219c02df8c8459eb149a94516,21426682,31,DNA,0,1000,2021,0,GCF_002763775.1 Fusobacterium pseudoperiodonticum,GCF_002763775.1_ASM276377v1_genomic.fna.gz
signatures/c28c3b5a78a098bfdb479d9534540190.sig.gz,c28c3b5a78a098bfdb479d9534540190,c28c3b5a,31,DNA,0,1000,2144,0,GCF_002763815.1 Fusobacterium pseudoperiodonticum,GCF_002763815.1_ASM276381v1_genomic.fna.gz
signatures/301277d48d1cf8a211ae5468bcd72998.sig.gz,301277d48d1cf8a211ae5468bcd72998,301277d4,31,DNA,0,1000,2424,0,GCF_002763875.1 Fusobacterium pseudoperiodonticum,GCF_002763875.1_ASM276387v1_genomic.fna.gz
signatures/721f0b8d1f9364b1922999b37caa723b.sig.gz,721f0b8d1f9364b1922999b37caa723b,721f0b8d,31,DNA,0,1000,2567,0,GCF_002763915.1 Fusobacterium pseudoperiodonticum,GCF_002763915.1_ASM276391v1_genomic.fna.gz
signatures/bc6bc3939e3881f9c635e86ee5f030d8.sig.gz,bc6bc3939e3881f9c635e86ee5f030d8,bc6bc393,31,DNA,0,1000,2126,0,GCF_002763925.1 Fusobacterium pseudoperiodonticum,GCF_002763925.1_ASM276392v1_genomic.fna.gz
signatures/9490cc7115af1f0c4ccd72444ce12458.sig.gz,9490cc7115af1f0c4ccd72444ce12458,9490cc71,31,DNA,0,1000,2005,0,GCF_002764055.1 Fusobacterium vincentii,GCF_002764055.1_ASM276405v1_genomic.fna.gz
signatures/9c7649f70c93b8f25cdf21249a60a6b5.sig.gz,9c7649f70c93b8f25cdf21249a60a6b5,9c7649f7,31,DNA,0,1000,2157,0,GCF_003019295.1 Fusobacterium nucleatum subsp. nucleatum ATCC 25586,GCF_003019295.1_ASM301929v1_genomic.fna.gz
signatures/46c2fb9b85752a6d85b9f337e3f036b2.sig.gz,46c2fb9b85752a6d85b9f337e3f036b2,46c2fb9b,31,DNA,0,1000,2571,0,GCF_003019315.1 Fusobacterium mortiferum ATCC 9817,GCF_003019315.1_ASM301931v1_genomic.fna.gz
signatures/33bb2c5e8b4d90737a577f25cc7c749e.sig.gz,33bb2c5e8b4d90737a577f25cc7c749e,33bb2c5e,31,DNA,0,1000,3264,0,GCF_003019655.1 Fusobacterium varium ATCC 27725,GCF_003019655.1_ASM301965v1_genomic.fna.gz
signatures/09e211f250a0bab5c37c5f0c9a8ff94d.sig.gz,09e211f250a0bab5c37c5f0c9a8ff94d,09e211f2,31,DNA,0,1000,3468,0,GCF_003019675.1 Fusobacterium ulcerans,GCF_003019675.1_ASM301967v1_genomic.fna.gz
signatures/8237beca328e63b5668cabc869f9ef9e.sig.gz,8237beca328e63b5668cabc869f9ef9e,8237beca,31,DNA,0,1000,1632,0,GCF_003019695.1 Fusobacterium gonidiaformans ATCC 25563,GCF_003019695.1_ASM301969v1_genomic.fna.gz
signatures/065fe0b0a5757ce1a5c880cd41bcdab0.sig.gz,065fe0b0a5757ce1a5c880cd41bcdab0,065fe0b0,31,DNA,0,1000,2220,0,GCF_003019715.1 Fusobacterium necrophorum subsp. funduliforme,GCF_003019715.1_ASM301971v1_genomic.fna.gz
signatures/df8368fb53665fd3125eb42f1b661ca1.sig.gz,df8368fb53665fd3125eb42f1b661ca1,df8368fb,31,DNA,0,1000,2404,0,GCF_003019755.1 Fusobacterium periodonticum,GCF_003019755.1_ASM301975v1_genomic.fna.gz
signatures/38ff3f9734a91aaa667bcf1c2af7f69d.sig.gz,38ff3f9734a91aaa667bcf1c2af7f69d,38ff3f97,31,DNA,0,1000,2290,0,GCF_003019785.1 Fusobacterium nucleatum subsp. nucleatum ATCC 23726,GCF_003019785.1_ASM301978v1_genomic.fna.gz
signatures/ce3f265a60eacd4ff70cabcd8248e869.sig.gz,ce3f265a60eacd4ff70cabcd8248e869,ce3f265a,31,DNA,0,1000,2136,0,GCF_003732505.1 Fusobacterium necrophorum subsp. funduliforme,GCF_003732505.1_ASM373250v1_genomic.fna.gz
signatures/26b5674bf1fab21654845a3d4f798fd7.sig.gz,26b5674bf1fab21654845a3d4f798fd7,26b5674b,31,DNA,0,1000,2233,0,GCF_003732525.1 Fusobacterium necrophorum subsp. funduliforme,GCF_003732525.1_ASM373252v1_genomic.fna.gz
signatures/70abc64b25f821a063f78d81e05262f5.sig.gz,70abc64b25f821a063f78d81e05262f5,70abc64b,31,DNA,0,1000,2584,0,GCF_003812825.1 Fusobacterium necrophorum,GCF_003812825.1_ASM381282v1_genomic.fna.gz
signatures/9fe52207359d517f82eb14c9ae9f798a.sig.gz,9fe52207359d517f82eb14c9ae9f798a,9fe52207,31,DNA,0,1000,2582,0,GCF_004006635.1 Fusobacterium necrophorum subsp. necrophorum,GCF_004006635.1_ASM400663v1_genomic.fna.gz
signatures/8153343b50eda0f23db7f5d0a0310e89.sig.gz,8153343b50eda0f23db7f5d0a0310e89,8153343b,31,DNA,0,1000,2286,0,GCF_014217355.1 Fusobacterium hwasookii,GCF_014217355.1_ASM1421735v1_genomic.fna.gz
signatures/770d2a55f72cd65a35085aecc597dc6d.sig.gz,770d2a55f72cd65a35085aecc597dc6d,770d2a55,31,DNA,0,1000,2261,0,GCF_014217375.1 Fusobacterium hwasookii,GCF_014217375.1_ASM1421737v1_genomic.fna.gz
signatures/c6129f941b4c030a401be7560936ab56.sig.gz,c6129f941b4c030a401be7560936ab56,c6129f94,31,DNA,0,1000,2400,0,GCF_016127595.1 Fusobacterium canifelinum,GCF_016127595.1_ASM1612759v1_genomic.fna.gz
signatures/8bbf43e8c4e3621020366a1addee0aa9.sig.gz,8bbf43e8c4e3621020366a1addee0aa9,8bbf43e8,31,DNA,0,1000,2319,0,GCF_016724785.1 Fusobacterium canifelinum,GCF_016724785.1_ASM1672478v1_genomic.fna.gz
signatures/d30d8d6f8da8cbaf82c827551402e691.sig.gz,d30d8d6f8da8cbaf82c827551402e691,d30d8d6f,31,DNA,0,1000,2197,0,GCF_019551945.1 Fusobacterium hwasookii,GCF_019551945.1_ASM1955194v1_genomic.fna.gz
signatures/66b8ce024c626865c8075a87746de9ca.sig.gz,66b8ce024c626865c8075a87746de9ca,66b8ce02,31,DNA,0,1000,1954,0,GCF_019552005.1 Fusobacterium vincentii,GCF_019552005.1_ASM1955200v1_genomic.fna.gz
signatures/ead29bdac13a3e501ba079c964994be9.sig.gz,ead29bdac13a3e501ba079c964994be9,ead29bda,31,DNA,0,1000,2535,0,GCF_019552045.1 Fusobacterium polymorphum,GCF_019552045.1_ASM1955204v1_genomic.fna.gz
signatures/2efd77debeca51386b61d06b4b598556.sig.gz,2efd77debeca51386b61d06b4b598556,2efd77de,31,DNA,0,1000,2461,0,GCF_019552065.1 Fusobacterium polymorphum,GCF_019552065.1_ASM1955206v1_genomic.fna.gz
signatures/0c7ed5aa90724264133edabcba613690.sig.gz,0c7ed5aa90724264133edabcba613690,0c7ed5aa,31,DNA,0,1000,2428,0,GCF_019552085.1 Fusobacterium animalis,GCF_019552085.1_ASM1955208v1_genomic.fna.gz
signatures/7784e748cd14c8c3fb8ea3469d93d905.sig.gz,7784e748cd14c8c3fb8ea3469d93d905,7784e748,31,DNA,0,1000,2255,0,GCF_019552105.1 Fusobacterium animalis,GCF_019552105.1_ASM1955210v1_genomic.fna.gz
signatures/cce474eebbbbe1340e97e396aa9c0d2d.sig.gz,cce474eebbbbe1340e97e396aa9c0d2d,cce474ee,31,DNA,0,1000,2392,0,GCF_019552125.1 Fusobacterium animalis,GCF_019552125.1_ASM1955212v1_genomic.fna.gz
signatures/099f593f07d1b41882b4e4bece3045e4.sig.gz,099f593f07d1b41882b4e4bece3045e4,099f593f,31,DNA,0,1000,2416,0,GCF_024220095.1 Fusobacterium polymorphum,GCF_024220095.1_ASM2422009v1_genomic.fna.gz
signatures/95e359eb29b851ebb2a47402f3c31be5.sig.gz,95e359eb29b851ebb2a47402f3c31be5,95e359eb,31,DNA,0,1000,3337,0,GCF_025757605.1 Fusobacterium varium,GCF_025757605.1_ASM2575760v1_genomic.fna.gz
signatures/8aa92f7174e9203934213ca21409d875.sig.gz,8aa92f7174e9203934213ca21409d875,8aa92f71,31,DNA,0,1000,2105,0,GCF_028621995.1 Fusobacterium nucleatum,GCF_028621995.1_ASM2862199v1_genomic.fna.gz
signatures/eeec6a6a15ad9217918788ff340aa583.sig.gz,eeec6a6a15ad9217918788ff340aa583,eeec6a6a,31,DNA,0,1000,2418,0,GCF_028657925.1 Fusobacterium nucleatum,GCF_028657925.1_ASM2865792v1_genomic.fna.gz
signatures/d13f9951f183648660aec2fcf9110c85.sig.gz,d13f9951f183648660aec2fcf9110c85,d13f9951,31,DNA,0,1000,2388,0,GCF_028743415.1 Fusobacterium nucleatum,GCF_028743415.1_ASM2874341v1_genomic.fna.gz
signatures/1cb81461704c862fbe38caf2c2d79581.sig.gz,1cb81461704c862fbe38caf2c2d79581,1cb81461,31,DNA,0,1000,2161,0,GCF_031191795.1 Fusobacterium nucleatum,GCF_031191795.1_ASM3119179v1_genomic.fna.gz
signatures/2fc134d5464ab869f2c1507fcb4b6d5c.sig.gz,2fc134d5464ab869f2c1507fcb4b6d5c,2fc134d5,31,DNA,0,1000,2422,0,GCF_035320945.1 Fusobacterium polymorphum,GCF_035320945.1_ASM3532094v1_genomic.fna.gz
signatures/ae28013d6f72f1fd1a93b7213295be78.sig.gz,ae28013d6f72f1fd1a93b7213295be78,ae28013d,31,DNA,0,1000,2347,0,GCF_035321665.1 Fusobacterium polymorphum,GCF_035321665.1_ASM3532166v1_genomic.fna.gz
signatures/7a0fe1c7c93809d514e9f9b51e0bd945.sig.gz,7a0fe1c7c93809d514e9f9b51e0bd945,7a0fe1c7,31,DNA,0,1000,2418,0,GCF_035321705.1 Fusobacterium polymorphum,GCF_035321705.1_ASM3532170v1_genomic.fna.gz
signatures/5b23c3a3bb6cf355d75d3c49116112f9.sig.gz,5b23c3a3bb6cf355d75d3c49116112f9,5b23c3a3,31,DNA,0,1000,2488,0,GCF_035321765.1 Fusobacterium polymorphum,GCF_035321765.1_ASM3532176v1_genomic.fna.gz
signatures/1ef4a5887b8048c7fc64f4ae9f02f819.sig.gz,1ef4a5887b8048c7fc64f4ae9f02f819,1ef4a588,31,DNA,0,1000,2364,0,GCF_035321985.1 Fusobacterium polymorphum,GCF_035321985.1_ASM3532198v1_genomic.fna.gz
signatures/5a5a34884b91164fe087c991cd5f007a.sig.gz,5a5a34884b91164fe087c991cd5f007a,5a5a3488,31,DNA,0,1000,1985,0,GCF_036323455.1 Fusobacterium vincentii,GCF_036323455.1_ASM3632345v1_genomic.fna.gz
signatures/de622624371beccbf830a8f5cf183b0f.sig.gz,de622624371beccbf830a8f5cf183b0f,de622624,31,DNA,0,1000,2174,0,GCF_037888955.1 Fusobacterium animalis,GCF_037888955.1_ASM3788895v1_genomic.fna.gz
signatures/868510a980a1f843398af951a93e58fb.sig.gz,868510a980a1f843398af951a93e58fb,868510a9,31,DNA,0,1000,2437,0,GCF_037888965.1 Fusobacterium polymorphum,GCF_037888965.1_ASM3788896v1_genomic.fna.gz
signatures/7750f5ac437be928083a4c70b5d5856a.sig.gz,7750f5ac437be928083a4c70b5d5856a,7750f5ac,31,DNA,0,1000,2280,0,GCF_037888975.1 Fusobacterium animalis,GCF_037888975.1_ASM3788897v1_genomic.fna.gz
signatures/4d4e574e55f52e630e7c1edbdde20926.sig.gz,4d4e574e55f52e630e7c1edbdde20926,4d4e574e,31,DNA,0,1000,2506,0,GCF_037888985.1 Fusobacterium polymorphum,GCF_037888985.1_ASM3788898v1_genomic.fna.gz
signatures/7ef06747241188b32a41d86ebb817aa3.sig.gz,7ef06747241188b32a41d86ebb817aa3,7ef06747,31,DNA,0,1000,2509,0,GCF_037888995.1 Fusobacterium animalis,GCF_037888995.1_ASM3788899v1_genomic.fna.gz
signatures/1019ebac3837605891d94eeca3a69af9.sig.gz,1019ebac3837605891d94eeca3a69af9,1019ebac,31,DNA,0,1000,2229,0,GCF_037889005.1 Fusobacterium nucleatum subsp. nucleatum,GCF_037889005.1_ASM3788900v1_genomic.fna.gz
signatures/0ebea1aadb6e0fbd1b786757c8961c10.sig.gz,0ebea1aadb6e0fbd1b786757c8961c10,0ebea1aa,31,DNA,0,1000,2257,0,GCF_037889015.1 Fusobacterium animalis,GCF_037889015.1_ASM3788901v1_genomic.fna.gz
signatures/cadf9ab2098d37a2447a9b0ceaf20d74.sig.gz,cadf9ab2098d37a2447a9b0ceaf20d74,cadf9ab2,31,DNA,0,1000,2389,0,GCF_037889025.1 Fusobacterium polymorphum,GCF_037889025.1_ASM3788902v1_genomic.fna.gz
signatures/c18e2ef52f662f48becf962b69167218.sig.gz,c18e2ef52f662f48becf962b69167218,c18e2ef5,31,DNA,0,1000,2251,0,GCF_037889035.1 Fusobacterium animalis,GCF_037889035.1_ASM3788903v1_genomic.fna.gz
signatures/0850b5a2eb751d479520d17a115a70e9.sig.gz,0850b5a2eb751d479520d17a115a70e9,0850b5a2,31,DNA,0,1000,2383,0,GCF_037889045.1 Fusobacterium animalis,GCF_037889045.1_ASM3788904v1_genomic.fna.gz
signatures/91d8f0f8455bd58d0e85062169f18ef0.sig.gz,91d8f0f8455bd58d0e85062169f18ef0,91d8f0f8,31,DNA,0,1000,2253,0,GCF_037889055.1 Fusobacterium nucleatum,GCF_037889055.1_ASM3788905v1_genomic.fna.gz
signatures/8b2b65d1f1393cd05dab98a668607f82.sig.gz,8b2b65d1f1393cd05dab98a668607f82,8b2b65d1,31,DNA,0,1000,2171,0,GCF_037889065.1 Fusobacterium nucleatum,GCF_037889065.1_ASM3788906v1_genomic.fna.gz
signatures/bb1602aa2446c11289669fdff0718f26.sig.gz,bb1602aa2446c11289669fdff0718f26,bb1602aa,31,DNA,0,1000,2187,0,GCF_037889075.1 Fusobacterium canifelinum,GCF_037889075.1_ASM3788907v1_genomic.fna.gz
signatures/ba8ec3725f378152579940ccb3f18c2f.sig.gz,ba8ec3725f378152579940ccb3f18c2f,ba8ec372,31,DNA,0,1000,2369,0,GCF_037889085.1 Fusobacterium pseudoperiodonticum,GCF_037889085.1_ASM3788908v1_genomic.fna.gz
signatures/ec704298290eb591a7ba29e97ab3847a.sig.gz,ec704298290eb591a7ba29e97ab3847a,ec704298,31,DNA,0,1000,2183,0,GCF_037889095.1 Fusobacterium nucleatum,GCF_037889095.1_ASM3788909v1_genomic.fna.gz
signatures/a8a068cd340eefd9fd9ba92b47da02b3.sig.gz,a8a068cd340eefd9fd9ba92b47da02b3,a8a068cd,31,DNA,0,1000,1930,0,GCF_037889105.1 Fusobacterium nucleatum,GCF_037889105.1_ASM3788910v1_genomic.fna.gz
signatures/87286d3b47f284e77b37169c28be64de.sig.gz,87286d3b47f284e77b37169c28be64de,87286d3b,31,DNA,0,1000,2243,0,GCF_037889115.1 Fusobacterium nucleatum,GCF_037889115.1_ASM3788911v1_genomic.fna.gz
signatures/e1583ebca8ffcb858d3f696e2343cc83.sig.gz,e1583ebca8ffcb858d3f696e2343cc83,e1583ebc,31,DNA,0,1000,2263,0,GCF_037889125.1 Fusobacterium nucleatum,GCF_037889125.1_ASM3788912v1_genomic.fna.gz
signatures/ed5bc2567f4ca892256da184c2fcb21d.sig.gz,ed5bc2567f4ca892256da184c2fcb21d,ed5bc256,31,DNA,0,1000,2138,0,GCF_037889135.1 Fusobacterium nucleatum,GCF_037889135.1_ASM3788913v1_genomic.fna.gz
signatures/59ec5f960d842cf1e637cde1ab5a9359.sig.gz,59ec5f960d842cf1e637cde1ab5a9359,59ec5f96,31,DNA,0,1000,2131,0,GCF_037889145.1 Fusobacterium nucleatum,GCF_037889145.1_ASM3788914v1_genomic.fna.gz
signatures/5fc88c6feba71b04ca4bcf7ccb96d92b.sig.gz,5fc88c6feba71b04ca4bcf7ccb96d92b,5fc88c6f,31,DNA,0,1000,2183,0,GCF_037889155.1 Fusobacterium nucleatum,GCF_037889155.1_ASM3788915v1_genomic.fna.gz
signatures/834b09511fc13e43a77d27cea02c4eed.sig.gz,834b09511fc13e43a77d27cea02c4eed,834b0951,31,DNA,0,1000,2088,0,GCF_037889165.1 Fusobacterium nucleatum,GCF_037889165.1_ASM3788916v1_genomic.fna.gz
signatures/fe47d93826494add1c2da39afd9cd031.sig.gz,fe47d93826494add1c2da39afd9cd031,fe47d938,31,DNA,0,1000,2407,0,GCF_037889175.1 Fusobacterium nucleatum,GCF_037889175.1_ASM3788917v1_genomic.fna.gz
signatures/3763f6ca33a6f1e40ba5057aaec7a08c.sig.gz,3763f6ca33a6f1e40ba5057aaec7a08c,3763f6ca,31,DNA,0,1000,2160,0,GCF_037889185.1 Fusobacterium nucleatum,GCF_037889185.1_ASM3788918v1_genomic.fna.gz
signatures/98a2a6a4f2b7007c458854a5ad051dfd.sig.gz,98a2a6a4f2b7007c458854a5ad051dfd,98a2a6a4,31,DNA,0,1000,2218,0,GCF_037889195.1 Fusobacterium nucleatum,GCF_037889195.1_ASM3788919v1_genomic.fna.gz
signatures/d42152775e8f7d0e5e0426abd97c43eb.sig.gz,d42152775e8f7d0e5e0426abd97c43eb,d4215277,31,DNA,0,1000,2167,0,GCF_037889205.1 Fusobacterium nucleatum,GCF_037889205.1_ASM3788920v1_genomic.fna.gz
signatures/bff0b18ba774b674e34b2b0318f5859c.sig.gz,bff0b18ba774b674e34b2b0318f5859c,bff0b18b,31,DNA,0,1000,2102,0,GCF_037889215.1 Fusobacterium nucleatum,GCF_037889215.1_ASM3788921v1_genomic.fna.gz
signatures/e884514094f3885d2efca979b3616c49.sig.gz,e884514094f3885d2efca979b3616c49,e8845140,31,DNA,0,1000,2107,0,GCF_037889225.1 Fusobacterium nucleatum,GCF_037889225.1_ASM3788922v1_genomic.fna.gz
signatures/88788a45c83018f5966cebe8f8c576d5.sig.gz,88788a45c83018f5966cebe8f8c576d5,88788a45,31,DNA,0,1000,2328,0,GCF_037889235.1 Fusobacterium nucleatum,GCF_037889235.1_ASM3788923v1_genomic.fna.gz
signatures/8596975c4721833d1332f1580bf88fda.sig.gz,8596975c4721833d1332f1580bf88fda,8596975c,31,DNA,0,1000,2144,0,GCF_037889245.1 Fusobacterium nucleatum,GCF_037889245.1_ASM3788924v1_genomic.fna.gz
signatures/4619367e4d2ca2d428eb8ae5e1e7b796.sig.gz,4619367e4d2ca2d428eb8ae5e1e7b796,4619367e,31,DNA,0,1000,2071,0,GCF_037889255.1 Fusobacterium nucleatum,GCF_037889255.1_ASM3788925v1_genomic.fna.gz
signatures/95ebaad09b930389152176fc4bad7b8f.sig.gz,95ebaad09b930389152176fc4bad7b8f,95ebaad0,31,DNA,0,1000,2069,0,GCF_037889265.1 Fusobacterium nucleatum,GCF_037889265.1_ASM3788926v1_genomic.fna.gz
signatures/d124833cd9ded962340010fcd547c424.sig.gz,d124833cd9ded962340010fcd547c424,d124833c,31,DNA,0,1000,2478,0,GCF_037889275.1 Fusobacterium nucleatum,GCF_037889275.1_ASM3788927v1_genomic.fna.gz
signatures/d96c927ddfc5694832efd4d73817a26e.sig.gz,d96c927ddfc5694832efd4d73817a26e,d96c927d,31,DNA,0,1000,2496,0,GCF_037889285.1 Fusobacterium nucleatum,GCF_037889285.1_ASM3788928v1_genomic.fna.gz
signatures/68d20fedc480269f36d1683e90c50ef7.sig.gz,68d20fedc480269f36d1683e90c50ef7,68d20fed,31,DNA,0,1000,2132,0,GCF_037889295.1 Fusobacterium necrophorum,GCF_037889295.1_ASM3788929v1_genomic.fna.gz
signatures/c56df9b9c59b7a065a5fa752f0e5c8d5.sig.gz,c56df9b9c59b7a065a5fa752f0e5c8d5,c56df9b9,31,DNA,0,1000,3377,0,GCF_037889305.1 Fusobacterium varium,GCF_037889305.1_ASM3788930v1_genomic.fna.gz
signatures/1022fce1ea734797377695017a2b2f12.sig.gz,1022fce1ea734797377695017a2b2f12,1022fce1,31,DNA,0,1000,2045,0,GCF_037889315.1 Fusobacterium nucleatum,GCF_037889315.1_ASM3788931v1_genomic.fna.gz
signatures/18f3564cf51f721a3495c72747fc8ec8.sig.gz,18f3564cf51f721a3495c72747fc8ec8,18f3564c,31,DNA,0,1000,2326,0,GCF_037889325.1 Fusobacterium nucleatum,GCF_037889325.1_ASM3788932v1_genomic.fna.gz
signatures/f33d71787eb32e053ebd985a1f8716c8.sig.gz,f33d71787eb32e053ebd985a1f8716c8,f33d7178,31,DNA,0,1000,2094,0,GCF_037889335.1 Fusobacterium nucleatum,GCF_037889335.1_ASM3788933v1_genomic.fna.gz
signatures/dc67905d500f637721929c747dae9b8e.sig.gz,dc67905d500f637721929c747dae9b8e,dc67905d,31,DNA,0,1000,2072,0,GCF_037889345.1 Fusobacterium nucleatum,GCF_037889345.1_ASM3788934v1_genomic.fna.gz
signatures/2c4e0360282e1f13a427c4b1d820c865.sig.gz,2c4e0360282e1f13a427c4b1d820c865,2c4e0360,31,DNA,0,1000,2290,0,GCF_037889355.1 Fusobacterium pseudoperiodonticum,GCF_037889355.1_ASM3788935v1_genomic.fna.gz
signatures/9fb9a2a1b99e7b6ee6418000b93a3bce.sig.gz,9fb9a2a1b99e7b6ee6418000b93a3bce,9fb9a2a1,31,DNA,0,1000,2102,0,GCF_037889365.1 Fusobacterium nucleatum,GCF_037889365.1_ASM3788936v1_genomic.fna.gz
signatures/1b77ff07f93fa02bbbb94fb1da9715ec.sig.gz,1b77ff07f93fa02bbbb94fb1da9715ec,1b77ff07,31,DNA,0,1000,2331,0,GCF_037889375.1 Fusobacterium nucleatum,GCF_037889375.1_ASM3788937v1_genomic.fna.gz
signatures/a5f9dcbd6f331724b58fa5e4f5de4e90.sig.gz,a5f9dcbd6f331724b58fa5e4f5de4e90,a5f9dcbd,31,DNA,0,1000,2071,0,GCF_037889385.1 Fusobacterium nucleatum,GCF_037889385.1_ASM3788938v1_genomic.fna.gz
signatures/28efe5ea402810c48b69e396f79fca81.sig.gz,28efe5ea402810c48b69e396f79fca81,28efe5ea,31,DNA,0,1000,2027,0,GCF_037890135.1 Fusobacterium nucleatum,GCF_037890135.1_ASM3789013v1_genomic.fna.gz
signatures/6b1901d7bc47d2e95b02d42b7d9eb07c.sig.gz,6b1901d7bc47d2e95b02d42b7d9eb07c,6b1901d7,31,DNA,0,1000,2545,0,GCF_037893335.1 Fusobacterium animalis,GCF_037893335.1_ASM3789333v1_genomic.fna.gz
signatures/d90bcdb323e054536e56accc404ad3b9.sig.gz,d90bcdb323e054536e56accc404ad3b9,d90bcdb3,31,DNA,0,1000,2120,0,GCF_037893545.1 Fusobacterium vincentii,GCF_037893545.1_ASM3789354v1_genomic.fna.gz
signatures/91fce657aa12ebdec22fb5a2a6a1c19c.sig.gz,91fce657aa12ebdec22fb5a2a6a1c19c,91fce657,31,DNA,0,1000,2422,0,GCF_037893695.1 Fusobacterium polymorphum,GCF_037893695.1_ASM3789369v1_genomic.fna.gz
signatures/34e0f5993af23b6cf5de5efc7039b9e5.sig.gz,34e0f5993af23b6cf5de5efc7039b9e5,34e0f599,31,DNA,0,1000,2351,0,GCF_037893865.1 Fusobacterium polymorphum,GCF_037893865.1_ASM3789386v1_genomic.fna.gz
signatures/d2970de9fa1b083a5930d0cd77f868fa.sig.gz,d2970de9fa1b083a5930d0cd77f868fa,d2970de9,31,DNA,0,1000,2070,0,GCF_037895375.1 Fusobacterium vincentii,GCF_037895375.1_ASM3789537v1_genomic.fna.gz
signatures/986d4191bfc2b091ed279efdd41c7a00.sig.gz,986d4191bfc2b091ed279efdd41c7a00,986d4191,31,DNA,0,1000,2472,0,GCF_037897415.1 Fusobacterium animalis,GCF_037897415.1_ASM3789741v1_genomic.fna.gz
signatures/92788ab0c51b972edd8a85b2cd720c62.sig.gz,92788ab0c51b972edd8a85b2cd720c62,92788ab0,31,DNA,0,1000,2379,0,GCF_037897425.1 Fusobacterium animalis,GCF_037897425.1_ASM3789742v1_genomic.fna.gz
signatures/1f14a0840aff5a7a67565dfc2da03ff5.sig.gz,1f14a0840aff5a7a67565dfc2da03ff5,1f14a084,31,DNA,0,1000,2383,0,GCF_037897485.1 Fusobacterium animalis,GCF_037897485.1_ASM3789748v1_genomic.fna.gz
signatures/b670f03819bfdfc35d87367f1884a4dc.sig.gz,b670f03819bfdfc35d87367f1884a4dc,b670f038,31,DNA,0,1000,2412,0,GCF_037897495.1 Fusobacterium polymorphum,GCF_037897495.1_ASM3789749v1_genomic.fna.gz
signatures/43ca377308244fa1e2919391783ffffc.sig.gz,43ca377308244fa1e2919391783ffffc,43ca3773,31,DNA,0,1000,2142,0,GCF_037897505.1 Fusobacterium animalis,GCF_037897505.1_ASM3789750v1_genomic.fna.gz
signatures/0987aba9a2d36a9c2144a8c1b7d40bb7.sig.gz,0987aba9a2d36a9c2144a8c1b7d40bb7,0987aba9,31,DNA,0,1000,2304,0,GCF_037897515.1 Fusobacterium animalis,GCF_037897515.1_ASM3789751v1_genomic.fna.gz
signatures/c4ca66e44322ff2a88ea5c8201dd930b.sig.gz,c4ca66e44322ff2a88ea5c8201dd930b,c4ca66e4,31,DNA,0,1000,2185,0,GCF_037897535.1 Fusobacterium animalis,GCF_037897535.1_ASM3789753v1_genomic.fna.gz
signatures/7d1af8869042896e2aa34e8f0f8cc5d7.sig.gz,7d1af8869042896e2aa34e8f0f8cc5d7,7d1af886,31,DNA,0,1000,2663,0,GCF_037897545.1 Fusobacterium animalis,GCF_037897545.1_ASM3789754v1_genomic.fna.gz
signatures/3180ae557423683f484171cac9ccd5f0.sig.gz,3180ae557423683f484171cac9ccd5f0,3180ae55,31,DNA,0,1000,2396,0,GCF_037897555.1 Fusobacterium polymorphum,GCF_037897555.1_ASM3789755v1_genomic.fna.gz
signatures/266d926e669e1d38393e338e6dccbeea.sig.gz,266d926e669e1d38393e338e6dccbeea,266d926e,31,DNA,0,1000,2390,0,GCF_037897565.1 Fusobacterium polymorphum,GCF_037897565.1_ASM3789756v1_genomic.fna.gz
signatures/913f45591d83f7cbe32a6ca38764c41f.sig.gz_0,913f45591d83f7cbe32a6ca38764c41f,913f4559,31,DNA,0,1000,2487,0,GCF_037897635.1 Fusobacterium polymorphum,GCF_037897635.1_ASM3789763v1_genomic.fna.gz
signatures/d58deb521173e27a15c46e293fa2ced0.sig.gz,d58deb521173e27a15c46e293fa2ced0,d58deb52,31,DNA,0,1000,2596,0,GCF_037897925.1 Fusobacterium polymorphum,GCF_037897925.1_ASM3789792v1_genomic.fna.gz
signatures/42c1df39c9e74a8d4dfca525778edf4b.sig.gz,42c1df39c9e74a8d4dfca525778edf4b,42c1df39,31,DNA,0,1000,2596,0,GCF_037898185.1 Fusobacterium polymorphum,GCF_037898185.1_ASM3789818v1_genomic.fna.gz
signatures/cf4f4e36cfa38723e1e623f28c5834f1.sig.gz,cf4f4e36cfa38723e1e623f28c5834f1,cf4f4e36,31,DNA,0,1000,2159,0,GCF_037900345.1 Fusobacterium nucleatum subsp. nucleatum ATCC 25586,GCF_037900345.1_ASM3790034v1_genomic.fna.gz
signatures/c03c8af71f7b0079658e66edde5fb6b8.sig.gz,c03c8af71f7b0079658e66edde5fb6b8,c03c8af7,31,DNA,0,1000,2430,0,GCF_037900625.1 Fusobacterium polymorphum ATCC 10953,GCF_037900625.1_ASM3790062v1_genomic.fna.gz
signatures/4ee00576ab1f9c5f21142aa1fa8c3f3d.sig.gz,4ee00576ab1f9c5f21142aa1fa8c3f3d,4ee00576,31,DNA,0,1000,3584,0,GCF_037901015.1 Fusobacterium varium,GCF_037901015.1_ASM3790101v1_genomic.fna.gz
signatures/bf183f504ccb6fb7a2a91d03789cd43d.sig.gz,bf183f504ccb6fb7a2a91d03789cd43d,bf183f50,31,DNA,0,1000,2404,0,GCF_037904495.1 Fusobacterium polymorphum,GCF_037904495.1_ASM3790449v1_genomic.fna.gz
signatures/15a765e8f95bce54ecfe375a3c18fd49.sig.gz,15a765e8f95bce54ecfe375a3c18fd49,15a765e8,31,DNA,0,1000,2444,0,GCF_037904575.1 Fusobacterium animalis,GCF_037904575.1_ASM3790457v1_genomic.fna.gz
signatures/220ad1f678e2c23ac2dc5a61582d18d5.sig.gz,220ad1f678e2c23ac2dc5a61582d18d5,220ad1f6,31,DNA,0,1000,2092,0,GCF_037904585.1 Fusobacterium vincentii,GCF_037904585.1_ASM3790458v1_genomic.fna.gz
signatures/812629022eda5789b0403c6a736933e7.sig.gz,812629022eda5789b0403c6a736933e7,81262902,31,DNA,0,1000,2243,0,GCF_037904595.1 Fusobacterium animalis,GCF_037904595.1_ASM3790459v1_genomic.fna.gz
signatures/e6859690e86b1be5884766b8a49366d4.sig.gz,e6859690e86b1be5884766b8a49366d4,e6859690,31,DNA,0,1000,2710,0,GCF_037904605.1 Fusobacterium polymorphum,GCF_037904605.1_ASM3790460v1_genomic.fna.gz
signatures/a87fbfa919584ba928694421dff65b14.sig.gz,a87fbfa919584ba928694421dff65b14,a87fbfa9,31,DNA,0,1000,2063,0,GCF_037904615.1 Fusobacterium vincentii,GCF_037904615.1_ASM3790461v1_genomic.fna.gz
signatures/8685a7a23b29a900ddbb063f84ce21e5.sig.gz,8685a7a23b29a900ddbb063f84ce21e5,8685a7a2,31,DNA,0,1000,2302,0,GCF_037904725.1 Fusobacterium animalis,GCF_037904725.1_ASM3790472v1_genomic.fna.gz
signatures/89e5295dfb937142dcdaf510508c69ed.sig.gz,89e5295dfb937142dcdaf510508c69ed,89e5295d,31,DNA,0,1000,2432,0,GCF_037904935.1 Fusobacterium polymorphum,GCF_037904935.1_ASM3790493v1_genomic.fna.gz
signatures/b72993eed16df21841c1bb859c5898df.sig.gz,b72993eed16df21841c1bb859c5898df,b72993ee,31,DNA,0,1000,2599,0,GCF_037905245.1 Fusobacterium animalis,GCF_037905245.1_ASM3790524v1_genomic.fna.gz
signatures/2c29b97c7a7e39bc77120ce32bb538b1.sig.gz,2c29b97c7a7e39bc77120ce32bb538b1,2c29b97c,31,DNA,0,1000,2485,0,GCF_037905975.1 Fusobacterium polymorphum,GCF_037905975.1_ASM3790597v1_genomic.fna.gz
signatures/177c484cb8863d70b9c6a579621cec9f.sig.gz,177c484cb8863d70b9c6a579621cec9f,177c484c,31,DNA,0,1000,2467,0,GCF_037906325.1 Fusobacterium polymorphum,GCF_037906325.1_ASM3790632v1_genomic.fna.gz
signatures/dd6880dd23b5340b63c478b098b1adb3.sig.gz,dd6880dd23b5340b63c478b098b1adb3,dd6880dd,31,DNA,0,1000,2302,0,GCF_037906355.1 Fusobacterium animalis,GCF_037906355.1_ASM3790635v1_genomic.fna.gz
signatures/2adcab1190c38b72709a0fcaa0cbb21f.sig.gz,2adcab1190c38b72709a0fcaa0cbb21f,2adcab11,31,DNA,0,1000,2391,0,GCF_037906365.1 Fusobacterium polymorphum,GCF_037906365.1_ASM3790636v1_genomic.fna.gz
signatures/5b7af56d1ad7e866a4ac91340bac48c2.sig.gz,5b7af56d1ad7e866a4ac91340bac48c2,5b7af56d,31,DNA,0,1000,2143,0,GCF_037906395.1 Fusobacterium animalis,GCF_037906395.1_ASM3790639v1_genomic.fna.gz
signatures/7a133a63f4cd8843fc239b686ec9b23f.sig.gz,7a133a63f4cd8843fc239b686ec9b23f,7a133a63,31,DNA,0,1000,2508,0,GCF_037906465.1 Fusobacterium animalis,GCF_037906465.1_ASM3790646v1_genomic.fna.gz
signatures/cc007f6b5482cc3a0a4b780bd45c95f6.sig.gz,cc007f6b5482cc3a0a4b780bd45c95f6,cc007f6b,31,DNA,0,1000,2207,0,GCF_037907055.1 Fusobacterium animalis,GCF_037907055.1_ASM3790705v1_genomic.fna.gz
signatures/ec54d3c748f08796117a935b87c1c2dd.sig.gz,ec54d3c748f08796117a935b87c1c2dd,ec54d3c7,31,DNA,0,1000,2205,0,GCF_037908355.1 Fusobacterium animalis,GCF_037908355.1_ASM3790835v1_genomic.fna.gz
signatures/df565d0d995b74c7deeb9bb8caf794a5.sig.gz,df565d0d995b74c7deeb9bb8caf794a5,df565d0d,31,DNA,0,1000,2097,0,GCF_037909675.1 Fusobacterium animalis,GCF_037909675.1_ASM3790967v1_genomic.fna.gz
signatures/c48704dacf32d69f3142f932bf063652.sig.gz,c48704dacf32d69f3142f932bf063652,c48704da,31,DNA,0,1000,2483,0,GCF_037911025.1 Fusobacterium animalis,GCF_037911025.1_ASM3791102v1_genomic.fna.gz
signatures/929b274217115d92c4ccf77fa3ccf4fc.sig.gz,929b274217115d92c4ccf77fa3ccf4fc,929b2742,31,DNA,0,1000,2064,0,GCF_037911815.1 Fusobacterium animalis,GCF_037911815.1_ASM3791181v1_genomic.fna.gz
signatures/818ffbf2167070c407edd8629a8502c8.sig.gz,818ffbf2167070c407edd8629a8502c8,818ffbf2,31,DNA,0,1000,2054,0,GCF_037911825.1 Fusobacterium vincentii,GCF_037911825.1_ASM3791182v1_genomic.fna.gz
signatures/d1d739b198b5c0653e4110b5e7f8604e.sig.gz,d1d739b198b5c0653e4110b5e7f8604e,d1d739b1,31,DNA,0,1000,2056,0,GCF_037911835.1 Fusobacterium vincentii,GCF_037911835.1_ASM3791183v1_genomic.fna.gz
signatures/e80b43dce1091ff8815c1365596e6539.sig.gz,e80b43dce1091ff8815c1365596e6539,e80b43dc,31,DNA,0,1000,2392,0,GCF_037911845.1 Fusobacterium animalis,GCF_037911845.1_ASM3791184v1_genomic.fna.gz
signatures/6885a7907f30e34714b4cb5e8774eeb8.sig.gz,6885a7907f30e34714b4cb5e8774eeb8,6885a790,31,DNA,0,1000,2366,0,GCF_037911855.1 Fusobacterium animalis,GCF_037911855.1_ASM3791185v1_genomic.fna.gz
signatures/9490cc7115af1f0c4ccd72444ce12458.sig.gz_0,9490cc7115af1f0c4ccd72444ce12458,9490cc71,31,DNA,0,1000,2005,0,GCF_037911865.1 Fusobacterium vincentii,GCF_037911865.1_ASM3791186v1_genomic.fna.gz
signatures/dbb794e35e6b14e25351e52882e7e146.sig.gz,dbb794e35e6b14e25351e52882e7e146,dbb794e3,31,DNA,0,1000,2390,0,GCF_037911875.1 Fusobacterium animalis,GCF_037911875.1_ASM3791187v1_genomic.fna.gz
signatures/bc6573281ddc9529e8e5cd593e15480a.sig.gz,bc6573281ddc9529e8e5cd593e15480a,bc657328,31,DNA,0,1000,2424,0,GCF_037911885.1 Fusobacterium animalis,GCF_037911885.1_ASM3791188v1_genomic.fna.gz
signatures/ffcbdfefd9d7e72d73f457794b29a023.sig.gz,ffcbdfefd9d7e72d73f457794b29a023,ffcbdfef,31,DNA,0,1000,2407,0,GCF_037911895.1 Fusobacterium polymorphum,GCF_037911895.1_ASM3791189v1_genomic.fna.gz
signatures/d7aa036ea0a45d9da066931d25f32af8.sig.gz,d7aa036ea0a45d9da066931d25f32af8,d7aa036e,31,DNA,0,1000,2670,0,GCF_037911905.1 Fusobacterium animalis,GCF_037911905.1_ASM3791190v1_genomic.fna.gz
signatures/1f4c29fcc3c751c52ad56908eaa89dbd.sig.gz,1f4c29fcc3c751c52ad56908eaa89dbd,1f4c29fc,31,DNA,0,1000,2534,0,GCF_037911915.1 Fusobacterium animalis,GCF_037911915.1_ASM3791191v1_genomic.fna.gz
signatures/d874745c2133a174376c868950dc22c1.sig.gz,d874745c2133a174376c868950dc22c1,d874745c,31,DNA,0,1000,2273,0,GCF_037911925.1 Fusobacterium animalis,GCF_037911925.1_ASM3791192v1_genomic.fna.gz
signatures/9b3ec7f3a0b477d7b50e4f4d1c5d2b67.sig.gz,9b3ec7f3a0b477d7b50e4f4d1c5d2b67,9b3ec7f3,31,DNA,0,1000,2637,0,GCF_037911935.1 Fusobacterium animalis,GCF_037911935.1_ASM3791193v1_genomic.fna.gz
signatures/78c25fb561c153e5b743d72478c54ed2.sig.gz,78c25fb561c153e5b743d72478c54ed2,78c25fb5,31,DNA,0,1000,2206,0,GCF_037911945.1 Fusobacterium animalis,GCF_037911945.1_ASM3791194v1_genomic.fna.gz
signatures/be490484892bc44568dcdbb5eddca7d0.sig.gz,be490484892bc44568dcdbb5eddca7d0,be490484,31,DNA,0,1000,2375,0,GCF_037911955.1 Fusobacterium animalis,GCF_037911955.1_ASM3791195v1_genomic.fna.gz
signatures/55e38fd6a3f8f6a7fe3cfac0df611108.sig.gz,55e38fd6a3f8f6a7fe3cfac0df611108,55e38fd6,31,DNA,0,1000,2622,0,GCF_037911965.1 Fusobacterium polymorphum,GCF_037911965.1_ASM3791196v1_genomic.fna.gz
signatures/02a373ab054c5e0ed058b517eb2887b9.sig.gz,02a373ab054c5e0ed058b517eb2887b9,02a373ab,31,DNA,0,1000,2338,0,GCF_037911975.1 Fusobacterium animalis,GCF_037911975.1_ASM3791197v1_genomic.fna.gz
signatures/9314c16d6ba04a3a24b39d6f8d65e564.sig.gz,9314c16d6ba04a3a24b39d6f8d65e564,9314c16d,31,DNA,0,1000,2478,0,GCF_037911985.1 Fusobacterium polymorphum,GCF_037911985.1_ASM3791198v1_genomic.fna.gz
signatures/87ecf9503bc302432823d2f183137120.sig.gz,87ecf9503bc302432823d2f183137120,87ecf950,31,DNA,0,1000,2470,0,GCF_037912005.1 Fusobacterium polymorphum,GCF_037912005.1_ASM3791200v1_genomic.fna.gz
signatures/c68d155113e6d054a2d1a799bae1901f.sig.gz,c68d155113e6d054a2d1a799bae1901f,c68d1551,31,DNA,0,1000,2478,0,GCF_037912015.1 Fusobacterium polymorphum,GCF_037912015.1_ASM3791201v1_genomic.fna.gz
signatures/d72e986c06bc039dfd4f6ee7777f503f.sig.gz_0,d72e986c06bc039dfd4f6ee7777f503f,d72e986c,31,DNA,0,1000,2314,0,GCF_037912025.1 Fusobacterium animalis,GCF_037912025.1_ASM3791202v1_genomic.fna.gz
signatures/cb0a44c3fc6d7cca5d4cbf589b43a99a.sig.gz,cb0a44c3fc6d7cca5d4cbf589b43a99a,cb0a44c3,31,DNA,0,1000,2413,0,GCF_037912275.1 Fusobacterium animalis,GCF_037912275.1_ASM3791227v1_genomic.fna.gz
signatures/e64e0d329dc92e2890082ab91990ca5f.sig.gz,e64e0d329dc92e2890082ab91990ca5f,e64e0d32,31,DNA,0,1000,2206,0,GCF_037951365.1 Fusobacterium nucleatum,GCF_037951365.1_ASM3795136v1_genomic.fna.gz
signatures/15fe73ab4b1e3f0a9d5aeb04abf71d64.sig.gz,15fe73ab4b1e3f0a9d5aeb04abf71d64,15fe73ab,31,DNA,0,1000,2269,0,GCF_037952305.1 Fusobacterium nucleatum,GCF_037952305.1_ASM3795230v1_genomic.fna.gz
signatures/71f74cade729a846ea04a782cb14bc85.sig.gz,71f74cade729a846ea04a782cb14bc85,71f74cad,31,DNA,0,1000,2141,0,GCF_037953125.1 Fusobacterium nucleatum,GCF_037953125.1_ASM3795312v1_genomic.fna.gz
signatures/455cc3f66afb49246e82faf290a00cbc.sig.gz,455cc3f66afb49246e82faf290a00cbc,455cc3f6,31,DNA,0,1000,2096,0,GCF_037953935.1 Fusobacterium nucleatum,GCF_037953935.1_ASM3795393v1_genomic.fna.gz
signatures/f23951a200b6a0361cee66b50d6a8094.sig.gz,f23951a200b6a0361cee66b50d6a8094,f23951a2,31,DNA,0,1000,2084,0,GCF_037954595.1 Fusobacterium nucleatum,GCF_037954595.1_ASM3795459v1_genomic.fna.gz
signatures/f44f7f59078eac53c69e3329341b437a.sig.gz,f44f7f59078eac53c69e3329341b437a,f44f7f59,31,DNA,0,1000,2151,0,GCF_037954885.1 Fusobacterium nucleatum,GCF_037954885.1_ASM3795488v1_genomic.fna.gz
signatures/e42fdf11fa38c66e33345c87acc3380b.sig.gz,e42fdf11fa38c66e33345c87acc3380b,e42fdf11,31,DNA,0,1000,2188,0,GCF_037955165.1 Fusobacterium nucleatum,GCF_037955165.1_ASM3795516v1_genomic.fna.gz
signatures/049fcb09e08941ab83410af9775e35db.sig.gz,049fcb09e08941ab83410af9775e35db,049fcb09,31,DNA,0,1000,2212,0,GCF_037955445.1 Fusobacterium nucleatum,GCF_037955445.1_ASM3795544v1_genomic.fna.gz
signatures/4ee00576ab1f9c5f21142aa1fa8c3f3d.sig.gz_0,4ee00576ab1f9c5f21142aa1fa8c3f3d,4ee00576,31,DNA,0,1000,3584,0,GCF_037956035.1 Fusobacterium ulcerans,GCF_037956035.1_ASM3795603v1_genomic.fna.gz
signatures/6f055272622e6575d8198f2adc7956a4.sig.gz,6f055272622e6575d8198f2adc7956a4,6f055272,31,DNA,0,1000,2208,0,GCF_037975335.1 Fusobacterium nucleatum,GCF_037975335.1_ASM3797533v1_genomic.fna.gz
signatures/0a4aef75a515abd7de759a03a78e70a6.sig.gz,0a4aef75a515abd7de759a03a78e70a6,0a4aef75,31,DNA,0,1000,3475,0,GCF_900478315.1 Fusobacterium ulcerans,GCF_900478315.1_34903_E01_genomic.fna.gz
signatures/635906cd80ec64d159e70526ef276c54.sig.gz,635906cd80ec64d159e70526ef276c54,635906cd,31,DNA,0,1000,3656,0,GCF_900683735.1 Fusobacterium ulcerans ATCC 49185,GCF_900683735.1_Fusobacterium_ulcerans_81A6_genomic.fna.gz
