intersect_bp,f_orig_query,f_match,f_unique_to_query,f_unique_weighted,average_abund,median_abund,std_abund,filename,name,md5,f_match_orig,unique_intersect_bp,gather_result_rank,remaining_bp,query_filename,query_name,query_md5,query_bp,ksize,moltype,scaled,query_n_hashes,query_abundance,query_containment_ani,match_containment_ani,average_containment_ani,max_containment_ani,potential_false_negative,n_unique_weighted_found,sum_weighted_found,total_weighted_hashes
3165000,0.07169392470439,0.617079352700331,0.07169392470439,0.0940241796200345,1.72006319115324,1,1.24324093452691,/data/namlhs/StrainDB_CRC/sourmash/database/gtdb-rs214-k31.zip,"GCF_000598785.2 Bacteroides fragilis str. I1345 strain=I1345, ASM59878v2",b83643ace92355e221ebc6f02aec51fe,0.617079352700331,3165000,0,36938000,ERR2726542.fastq.gz,ERR2726542_rs214,077be4aa,44146000,31,DNA,1000,44146,True,0.918501935874499,0.984547801975799,0.951524868925149,0.984547801975799,False,5444,5444,57900
1851000,0.0419290535948897,0.264523739309938,0.0406378833869433,0.0409153713298791,1.32051282051282,1,0.701449815766269,/data/namlhs/StrainDB_CRC/sourmash/database/gtdb-rs214-k31.zip,"GCF_918270795.1 Bacteroides ovatus strain=115, BOVA115",ff1875f2e19aeb196ec68901c0d73f76,0.272928339722796,1794000,1,35144000,ERR2726542.fastq.gz,ERR2726542_rs214,077be4aa,44146000,31,DNA,1000,44146,True,0.902744813408457,0.958976622864052,0.930860718136255,0.958976622864052,False,2369,7813,57900
1684000,0.038146151406696,0.350703929396932,0.0378063697730259,0.0422279792746114,1.46494907130018,1,2.63032956591511,/data/namlhs/StrainDB_CRC/sourmash/database/gtdb-rs214-k31.zip,"GCF_001405475.1 Bacteroides uniformis strain=2789STDY5608791, 12718_7#90",8f8f6cba42cfe394ebf9fff7c1ec4eda,0.353855852069763,1669000,2,33475000,ERR2726542.fastq.gz,ERR2726542_rs214,077be4aa,44146000,31,DNA,1000,44146,True,0.899995516806145,0.967043504844853,0.933519510825499,0.967043504844853,False,2445,10258,57900
1524000,0.0345218139808816,0.501814582645991,0.0344538576541476,0.0689119170984456,2.6232741617357,2,1.92480880898177,/data/namlhs/StrainDB_CRC/sourmash/database/gtdb-rs214-k31.zip,"GCF_019375595.1 Prevotella nigrescens strain=SCHI0028.S.5, ASM1937559v1",dc151c021bce10f2967f27f0c23c9942,0.50280435499835,1521000,3,31954000,ERR2726542.fastq.gz,ERR2726542_rs214,077be4aa,44146000,31,DNA,1000,44146,True,0.897101802520802,0.978064983525007,0.937583393022904,0.978064983525007,False,3990,14248,57900
1549000,0.0350881167036651,0.232140065655776,0.0336383817333394,0.0359412780656304,1.4013468013468,1,3.20991700978314,/data/namlhs/StrainDB_CRC/sourmash/database/gtdb-rs214-k31.zip,"GCF_015547765.1 Bacteroides thetaiotaomicron strain=D40t1_170626_C3, ASM1554776v1",241c9d8b260918aca1ae8e5f354117f1,0.242144755354072,1485000,4,30469000,ERR2726542.fastq.gz,ERR2726542_rs214,077be4aa,44146000,31,DNA,1000,44146,True,0.897572791820897,0.955281690274974,0.926427241047935,0.955281690274974,False,2081,16329,57900
1395000,0.0315996919313188,0.254778287461774,0.0301952611788157,0.0297927461139896,1.29407351837959,1,0.746446033559462,/data/namlhs/StrainDB_CRC/sourmash/database/gtdb-rs214-k31.zip,"GCF_021406345.1 Phocaeicola vulgatus strain=BJH_99, ASM2140634v1",cbd4cf0ea94a05f0f9a3f456a53bac9b,0.266628440366972,1333000,5,29136000,ERR2726542.fastq.gz,ERR2726542_rs214,077be4aa,44146000,31,DNA,1000,44146,True,0.894545988569477,0.958254470323463,0.92640022944647,0.958254470323463,False,1725,18054,57900
1410000,0.0319394735649889,0.225770097670924,0.0272278349114302,0.025699481865285,1.23793677204659,1,0.563703940416859,/data/namlhs/StrainDB_CRC/sourmash/database/gtdb-rs214-k31.zip,"GCF_003459065.1 Bacteroides caccae strain=AF24-29LB, ASM345906v1",6156afbd58304836e3947db2c2a7b853,0.264838467317806,1202000,6,27934000,ERR2726542.fastq.gz,ERR2726542_rs214,077be4aa,44146000,31,DNA,1000,44146,True,0.894854668524049,0.958046273605528,0.926450471064789,0.958046273605528,False,1488,19542,57900
901000,0.020409550129117,0.512805919180421,0.020409550129117,0.0232987910189983,1.49722530521643,1,0.779341381676326,/data/namlhs/StrainDB_CRC/sourmash/database/gtdb-rs214-k31.zip,"GCF_000468815.1 Atopobium sp. BV3Ac4 strain=BV3Ac4, AspBV3AC4v1.0",350bdb2d6bb7c6c6f9d71ad3f0a0297b,0.512805919180421,901000,7,27033000,ERR2726542.fastq.gz,ERR2726542_rs214,077be4aa,44146000,31,DNA,1000,44146,True,0.882020131684654,0.97868660909145,0.930353370388052,0.97868660909145,False,1349,20891,57900
904000,0.020477506455851,0.135431400282885,0.0173515154260862,0.0152677029360967,1.15404699738903,1,0.445198424837655,/data/namlhs/StrainDB_CRC/sourmash/database/gtdb-rs214-k31.zip,"GCF_015559975.1 Bacteroides nordii strain=1001254J_160919_A3, ASM1555997v1",f34936bbf0c4a950de81c459cd7acf05,0.15983026874116,766000,8,26267000,ERR2726542.fastq.gz,ERR2726542_rs214,077be4aa,44146000,31,DNA,1000,44146,True,0.882114714999966,0.942565591230429,0.912340153115197,0.942565591230429,False,884,21775,57900
744000,0.0168531690300367,0.289894654701522,0.0168305169211254,0.0184801381692573,1.44010767160162,1,0.714288690205824,/data/namlhs/StrainDB_CRC/sourmash/database/gtdb-rs214-k31.zip,"GCA_018785345.1 Clostridium sp. MCC345 strain=MCC345, ASM1878534v1",3423b7f041b8b71766cce1362ea60e7b,0.290284822473664,743000,9,25524000,ERR2726542.fastq.gz,ERR2726542_rs214,077be4aa,44146000,31,DNA,1000,44146,True,0.876589329695335,0.960885749435923,0.918737539565629,0.960885749435923,False,1070,22845,57900
743000,0.0168305169211254,0.351351351351351,0.0167852127033027,0.0177892918825561,1.39001349527665,1,0.6934103752727,/data/namlhs/StrainDB_CRC/sourmash/database/gtdb-rs214-k31.zip,"GCA_021769645.1 Sutterellaceae bacterium, ASM2176964v1",62138f499c1acd4462f0ef3fd03bc61e,0.352299668089142,741000,10,24783000,ERR2726542.fastq.gz,ERR2726542_rs214,077be4aa,44146000,31,DNA,1000,44146,True,0.876551298133805,0.966906023197882,0.921728660665843,0.966906023197882,False,1030,23875,57900
1450000,0.0328455579214425,0.11286222674123,0.0150863045349522,0.0138341968911917,1.2027027027027,1,0.576875626275624,/data/namlhs/StrainDB_CRC/sourmash/database/gtdb-rs214-k31.zip,"GCA_003458755.1 Bacteroides xylanisolvens strain=AF21-6AC, ASM345875v1",355208e791390a59d1ccba016a904abe,0.245721064226402,666000,11,24117000,ERR2726542.fastq.gz,ERR2726542_rs214,077be4aa,44146000,31,DNA,1000,44146,True,0.895662534006374,0.955733592901791,0.925698063454082,0.955733592901791,False,801,24676,57900
659000,0.0149277397725728,0.217362270450751,0.0147465229012821,0.0132642487046632,1.17972350230415,1,0.504925585353039,/data/namlhs/StrainDB_CRC/sourmash/database/gtdb-rs214-k31.zip,"GCA_900066185.1 uncultured Ruminococcus sp., 13414_6#30",a349f0f9a966d7bfd99f67f8c33f19aa,0.220033388981636,651000,12,23466000,ERR2726542.fastq.gz,ERR2726542_rs214,077be4aa,44146000,31,DNA,1000,44146,True,0.873165529456901,0.952335457713554,0.912750493585227,0.952335457713554,False,768,25444,57900
636000,0.014406741267612,0.206344015696534,0.0142934807230553,0.013160621761658,1.20760697305864,1,0.480694634939004,/data/namlhs/StrainDB_CRC/sourmash/database/gtdb-rs214-k31.zip,"GCF_002865425.1 [Ruminococcus] gnavus strain=RJX1122, ASM286542v1",fd72dfc100b8aacec59624453ccaae2f,0.207979071288424,631000,13,22835000,ERR2726542.fastq.gz,ERR2726542_rs214,077be4aa,44146000,31,DNA,1000,44146,True,0.872165483858007,0.950606180015431,0.911385831936719,0.950606180015431,False,762,26206,57900
607000,0.0137498301091832,0.218523878437048,0.0136818737824491,0.0130224525043178,1.24834437086093,1,0.51266790880644,/data/namlhs/StrainDB_CRC/sourmash/database/gtdb-rs214-k31.zip,"GCA_934864935.1 Clostridium sp. AF02-29, MTG236_bin.29.fa",e9f72f2cdd5ea701f49b5a3856dee725,0.219609261939219,604000,14,22231000,ERR2726542.fastq.gz,ERR2726542_rs214,077be4aa,44146000,31,DNA,1000,44146,True,0.870853447064088,0.95227618688175,0.911564816972919,0.95227618688175,False,754,26960,57900
670000,0.0151769129705976,0.10109968073785,0.0129117020794636,0.0106390328151986,1.08070175438597,1,0.297025367509731,/data/namlhs/StrainDB_CRC/sourmash/database/gtdb-rs214-k31.zip,"GCA_000162535.1 Parabacteroides sp. 20_3 strain=20_3, ASM16253v1",3ea17f1e1e786e73790f5132998f7e87,0.11883646683221,570000,15,21661000,ERR2726542.fastq.gz,ERR2726542_rs214,077be4aa,44146000,31,DNA,1000,44146,True,0.873631929379016,0.933597475639797,0.903614702509406,0.933597475639797,False,616,27576,57900
502000,0.0113713586734925,0.0988967691095351,0.0113713586734925,0.0092573402417962,1.06772908366534,1,0.259086701002217,/data/namlhs/StrainDB_CRC/sourmash/database/gtdb-rs214-k31.zip,"GCF_002028945.1 Escherichia coli strain=SF-194, ASM202894v1",e54af35d0f62bf9f0f487cb4c27166fd,0.0988967691095351,502000,16,21159000,ERR2726542.fastq.gz,ERR2726542_rs214,077be4aa,44146000,31,DNA,1000,44146,True,0.865534273175656,0.928082362844452,0.896808318010054,0.928082362844452,False,536,28112,57900
475000,0.0107597517328863,0.138714499252616,0.0105105785348616,0.00932642487046632,1.16379310344828,1,0.458520211964559,/data/namlhs/StrainDB_CRC/sourmash/database/gtdb-rs214-k31.zip,"GCF_001406815.1 Roseburia faecis strain=M72, M72",2761b9bfb8ee41b7d2e36ef75953884e,0.142002989536622,464000,17,20695000,ERR2726542.fastq.gz,ERR2726542_rs214,077be4aa,44146000,31,DNA,1000,44146,True,0.86399205730831,0.938976574497697,0.901484315903004,0.938976574497697,False,540,28652,57900
433000,0.00980836315861007,0.254406580493537,0.00980836315861007,0.00955094991364421,1.27713625866051,1,0.523674283410626,/data/namlhs/StrainDB_CRC/sourmash/database/gtdb-rs214-k31.zip,"GCA_900759325.1 uncultured Peptostreptococcus sp., ERS608583_75",86fc8b067cb620dc7e776973252947fe,0.254406580493537,433000,18,20262000,ERR2726542.fastq.gz,ERR2726542_rs214,077be4aa,44146000,31,DNA,1000,44146,True,0.861415717179077,0.956805129332994,0.909110423256035,0.956805129332994,False,553,29205,57900
382000,0.00865310560413174,0.188055281342547,0.0086304534952204,0.00773747841105354,1.1758530183727,1,0.505138550077456,/data/namlhs/StrainDB_CRC/sourmash/database/gtdb-rs214-k31.zip,"GCF_900450795.1 Fusobacterium nucleatum subsp. vincentii strain=NCTC11326, 50569_D01",4a9db1c2e8d0819b3b5f35a9b453e246,0.188548864758144,381000,19,19881000,ERR2726542.fastq.gz,ERR2726542_rs214,077be4aa,44146000,31,DNA,1000,44146,True,0.857940483745303,0.947603329793405,0.902771906769354,0.947603329793405,False,448,29653,57900
417000,0.00944592941602863,0.112068965517241,0.00853984505957505,0.00765112262521589,1.17506631299735,1,0.583699041629677,/data/namlhs/StrainDB_CRC/sourmash/database/gtdb-rs214-k31.zip,"GCF_013300385.1 Dorea longicatena strain=MSK.16.81, ASM1330038v1",d28810d4e4763b858e4674a6dfa4a2b3,0.123959571938169,377000,20,19504000,ERR2726542.fastq.gz,ERR2726542_rs214,077be4aa,44146000,31,DNA,1000,44146,True,0.86037010715203,0.934869454195771,0.8976197806739,0.934869454195771,False,443,30096,57900
500000,0.0113260544556698,0.0839677563815495,0.00849454084175237,0.00905008635578584,1.39733333333333,1,1.02735561299657,/data/namlhs/StrainDB_CRC/sourmash/database/gtdb-rs214-k31.zip,"GCF_000185605.1 Bacteroides eggerthii 1_2_48FAA strain=1_2_48FAA, ASM18560v1",a610c01f9a7b8e1abf06e3ee8d1712a2,0.111957008508733,375000,21,19129000,ERR2726542.fastq.gz,ERR2726542_rs214,077be4aa,44146000,31,DNA,1000,44146,True,0.86542282128004,0.931803280350707,0.898613050815373,0.931803280350707,False,524,30620,57900
369000,0.00835862818828433,0.164795689268074,0.00831332397046165,0.00806563039723661,1.2724795640327,1,0.564026115877302,/data/namlhs/StrainDB_CRC/sourmash/database/gtdb-rs214-k31.zip,"GCF_015557945.1 Collinsella aerofaciens strain=D54t1_190329_E10, ASM1555794v1",6631a773bdd8c9add80abc76385bc38e,0.165693758419398,367000,22,18762000,ERR2726542.fastq.gz,ERR2726542_rs214,077be4aa,44146000,31,DNA,1000,44146,True,0.856982783160557,0.943661696767077,0.900322239963817,0.943661696767077,False,467,31087,57900
363000,0.00822271553481629,0.216845878136201,0.00822271553481629,0.00835924006908463,1.33333333333333,1,0.724743075339479,/data/namlhs/StrainDB_CRC/sourmash/database/gtdb-rs214-k31.zip,"GCF_023148225.1 Parvimonas micra strain=EYE_25, ASM2314822v1",14dbc7d10d374b36c49a5a6074ec86ca,0.216845878136201,363000,23,18399000,ERR2726542.fastq.gz,ERR2726542_rs214,077be4aa,44146000,31,DNA,1000,44146,True,0.85652970256242,0.951887276150943,0.904208489356681,0.951887276150943,False,484,31571,57900
353000,0.00799619444570289,0.0801576872536137,0.00690889321795859,0.00597582037996546,1.1344262295082,1,0.410870824860867,/data/namlhs/StrainDB_CRC/sourmash/database/gtdb-rs214-k31.zip,"GCF_018785365.1 Clostridium sp. MCC344 strain=MCC344, ASM1878536v1",6f341dd04389deab59c4d2acea0d9d83,0.092772667542707,305000,24,18094000,ERR2726542.fastq.gz,ERR2726542_rs214,077be4aa,44146000,31,DNA,1000,44146,True,0.855758212588218,0.926170553870295,0.890964383229257,0.926170553870295,False,346,31917,57900
461000,0.0104426222081276,0.0357099915835037,0.00672767634666787,0.00535405872193437,1.04377104377104,1,0.26228070160472,/data/namlhs/StrainDB_CRC/sourmash/database/gtdb-rs214-k31.zip,"GCA_900555825.1 uncultured Bacteroides sp., UMGS1869",84874d2b1abd0daf4401169f7c365d2c,0.0554286401346639,297000,25,17797000,ERR2726542.fastq.gz,ERR2726542_rs214,077be4aa,44146000,31,DNA,1000,44146,True,0.863158658095099,0.9109096387041,0.8870341483996,0.9109096387041,False,310,32227,57900
295000,0.0066823721288452,0.0924780201888636,0.00643319893082046,0.00563039723661485,1.14788732394366,1,0.473928488968767,/data/namlhs/StrainDB_CRC/sourmash/database/gtdb-rs214-k31.zip,"GCF_003287405.1 Faecalibacterium prausnitzii strain=APC923/51-1, ASM328740v1",b11818d1b4bf0d22ae3d2662e33873ee,0.0960599153370238,284000,26,17513000,ERR2726542.fastq.gz,ERR2726542_rs214,077be4aa,44146000,31,DNA,1000,44146,True,0.85081761503512,0.927211438474954,0.889014526755037,0.927211438474954,False,326,32553,57900
406000,0.0091967562180039,0.0663727651236836,0.00613872151497304,0.00502590673575129,1.07380073800738,1,0.288295571728776,/data/namlhs/StrainDB_CRC/sourmash/database/gtdb-rs214-k31.zip,"GCF_003468175.1 Bacteroides stercoris strain=AM40-34, ASM346817v1",f1560c46364e970e90445940fa2d93eb,0.0994366887092824,271000,27,17242000,ERR2726542.fastq.gz,ERR2726542_rs214,077be4aa,44146000,31,DNA,1000,44146,True,0.859628480920025,0.9282453776845,0.893936929302262,0.9282453776845,False,291,32844,57900
1453000,0.0329135142481765,0.0950530035335689,0.00609341729715036,0.0118134715025907,2.54275092936803,2,1.496909287098,/data/namlhs/StrainDB_CRC/sourmash/database/gtdb-rs214-k31.zip,"GCF_018127845.1 Prevotella nigrescens strain=F0630, ASM1812784v1",b315cbb065a7b5ac5aab8b16a436d788,0.513427561837456,269000,28,16973000,ERR2726542.fastq.gz,ERR2726542_rs214,077be4aa,44146000,31,DNA,1000,44146,True,0.895722251498486,0.978724857653798,0.937223554576142,0.978724857653798,False,684,33528,57900
345000,0.00781497757441218,0.10355486862442,0.00607076518823903,0.00518134715025907,1.11940298507463,1,0.377437869146322,/data/namlhs/StrainDB_CRC/sourmash/database/gtdb-rs214-k31.zip,"GCF_001433955.1 Fusobacterium nucleatum subsp. polymorphum strain=ChDC F306, ASM143395v1",9b4c1bfe074c102fd65c1b089ee89cdc,0.133307573415765,268000,29,16705000,ERR2726542.fastq.gz,ERR2726542_rs214,077be4aa,44146000,31,DNA,1000,44146,True,0.855125637047961,0.937064554283504,0.896095095665732,0.937064554283504,False,300,33828,57900
327000,0.00740723961400806,0.0733113673805601,0.00604811307932769,0.00493955094991364,1.07116104868914,1,0.271270696063398,/data/namlhs/StrainDB_CRC/sourmash/database/gtdb-rs214-k31.zip,"GCA_902362615.1 Firmicutes bacterium, MGYG-HGUT-00041",2e6df74d848ec174124146a6241ccdc8,0.0897858319604613,267000,30,16438000,ERR2726542.fastq.gz,ERR2726542_rs214,077be4aa,44146000,31,DNA,1000,44146,True,0.853648808536959,0.92519336598105,0.889421087259004,0.92519336598105,False,286,34114,57900
278000,0.00629728627735242,0.092238078663418,0.00600280886150501,0.00500863557858377,1.09433962264151,1,0.328757003994332,/data/namlhs/StrainDB_CRC/sourmash/database/gtdb-rs214-k31.zip,"GCF_020589955.1 Faecalibacillus sp. TM498 strain=MSK.15.42, ASM2058995v1",fd51c671b178282a4d1b434e81768e5c,0.0967629655412461,265000,31,16173000,ERR2726542.fastq.gz,ERR2726542_rs214,077be4aa,44146000,31,DNA,1000,44146,True,0.849190153055316,0.92742957473341,0.888309863894363,0.92742957473341,False,290,34404,57900
262000,0.00593485253477099,0.0746140651801029,0.00591220042585965,0.00466321243523316,1.03448275862069,1,0.182465607659627,/data/namlhs/StrainDB_CRC/sourmash/database/gtdb-rs214-k31.zip,"GCA_900549765.1 uncultured Clostridiales bacterium, UMGS1221",569ce86b8884ff0c6cfa0e7b77bfffb8,0.0748999428244711,261000,32,15912000,ERR2726542.fastq.gz,ERR2726542_rs214,077be4aa,44146000,31,DNA,1000,44146,True,0.847567926665138,0.91979903831543,0.883683482490284,0.91979903831543,False,270,34674,57900
358000,0.00810945499025959,0.0519375126800568,0.00579893988130295,0.00499136442141624,1.12890625,1,0.445226828381823,/data/namlhs/StrainDB_CRC/sourmash/database/gtdb-rs214-k31.zip,"GCF_003464465.1 Odoribacter splanchnicus strain=AF14-6AC, ASM346446v1",d57737033e1cfe75e310bf628b3d277d,0.0726313653885169,256000,33,15656000,ERR2726542.fastq.gz,ERR2726542_rs214,077be4aa,44146000,31,DNA,1000,44146,True,0.856146564516151,0.918886923565937,0.887516744041044,0.918886923565937,False,289,34963,57900
252000,0.00570833144565759,0.111950244335851,0.00570833144565759,0.00461139896373057,1.05952380952381,1,0.252818578352325,/data/namlhs/StrainDB_CRC/sourmash/database/gtdb-rs214-k31.zip,"GCF_001648335.1 Eikenella corrodens strain=NML140207, ASM164833v1",cbc6584a436494abd9f0afb43f1a3543,0.111950244335851,252000,34,15404000,ERR2726542.fastq.gz,ERR2726542_rs214,077be4aa,44146000,31,DNA,1000,44146,True,0.846504611675958,0.931801464255337,0.889153037965647,0.931801464255337,False,267,35230,57900
280000,0.0063425904951751,0.104745617785378,0.00554976668327821,0.00473229706390328,1.11836734693878,1,0.347394658464542,/data/namlhs/StrainDB_CRC/sourmash/database/gtdb-rs214-k31.zip,"GCA_934864225.1 uncultured Faecalibacterium sp., MTG234_bin.65.fa",2750c8bf3738b1b0ea7e9fdcb96b8b4d,0.119709277469004,245000,35,15159000,ERR2726542.fastq.gz,ERR2726542_rs214,077be4aa,44146000,31,DNA,1000,44146,True,0.849386543847672,0.933817884742313,0.891602214294993,0.933817884742313,False,274,35504,57900
1465000,0.0331853395551126,0.0488977955911824,0.00552711457436687,0.00506044905008636,1.20081967213115,1,0.48400580907626,/data/namlhs/StrainDB_CRC/sourmash/database/gtdb-rs214-k31.zip,"GCF_003602995.1 Bacteroides sp. AF25-38AC strain=AF25-38AC, ASM360299v1",d23fbebfac06d8bfc22ef1e39c417f4c,0.293587174348697,244000,36,14915000,ERR2726542.fastq.gz,ERR2726542_rs214,077be4aa,44146000,31,DNA,1000,44146,True,0.89595993426073,0.961236444477891,0.92859818936931,0.961236444477891,False,293,35797,57900
257000,0.00582159199021429,0.0480709717350939,0.00527794137634214,0.00412780656303972,1.02575107296137,1,0.183498354733321,/data/namlhs/StrainDB_CRC/sourmash/database/gtdb-rs214-k31.zip,"GCF_018785305.1 [Clostridium] symbiosum strain=MCC354, ASM1878530v1",cc7771b9f3f67afe3be8f71212e6601a,0.053022488136992,233000,37,14682000,ERR2726542.fastq.gz,ERR2726542_rs214,077be4aa,44146000,31,DNA,1000,44146,True,0.847041274425633,0.90960649286446,0.878323883645047,0.90960649286446,False,239,36036,57900
1560000,0.0353372899016898,0.0354521318132126,0.0051420287228741,0.00468048359240069,1.19383259911894,1,0.537047589088814,/data/namlhs/StrainDB_CRC/sourmash/database/gtdb-rs214-k31.zip,"GCF_008710235.1 Bacteroides xylanisolvens strain=H204, ASM871023v1",57e94a5d527bd53b8be0ece01a1aa270,0.243635795720756,227000,38,14455000,ERR2726542.fastq.gz,ERR2726542_rs214,077be4aa,44146000,31,DNA,1000,44146,True,0.897777700958183,0.955470878193306,0.926624289575745,0.955470878193306,False,271,36307,57900
231000,0.00523263715851946,0.122846025569761,0.00500611606940606,0.00411053540587219,1.07692307692308,1,0.282941143907031,/data/namlhs/StrainDB_CRC/sourmash/database/gtdb-rs214-k31.zip,"GCA_000980425.1 Lactobacillus sp. N15.MGS-260, ASM98042v1",5709f997313043b7dcbcb6287562bc40,0.1284046692607,221000,39,14234000,ERR2726542.fastq.gz,ERR2726542_rs214,077be4aa,44146000,31,DNA,1000,44146,True,0.844131958138029,0.935932530546086,0.890032244342057,0.935932530546086,False,238,36545,57900
298000,0.00675032845557921,0.0614182021217197,0.00498346396049472,0.00404145077720207,1.06363636363636,1,0.262064278279992,/data/namlhs/StrainDB_CRC/sourmash/database/gtdb-rs214-k31.zip,"GCF_015556105.1 Coprococcus comes strain=1001095H_141210_H4, ASM1555610v1",8bc9a3684fe88ca54796fae649c9e664,0.0831937465103294,220000,40,14014000,ERR2726542.fastq.gz,ERR2726542_rs214,077be4aa,44146000,31,DNA,1000,44146,True,0.85109535982314,0.922920336114579,0.887007847968859,0.922920336114579,False,234,36779,57900
243000,0.00550446246545553,0.0271887602445688,0.00473429076246999,0.00367875647668394,1.01913875598086,1,0.137012641753841,/data/namlhs/StrainDB_CRC/sourmash/database/gtdb-rs214-k31.zip,"GCF_003437645.1 Hungatella hathewayi strain=TF09-11AC, ASM343764v1",8363be6e34cc2b4343c6754a41ddf9c4,0.0316118121503838,209000,41,13805000,ERR2726542.fastq.gz,ERR2726542_rs214,077be4aa,44146000,31,DNA,1000,44146,True,0.845512117236106,0.894557054501833,0.870034585868969,0.894557054501833,False,213,36992,57900
209000,0.00473429076246999,0.0471976401179941,0.00471163865355865,0.00373056994818653,1.03846153846154,1,0.192307692307692,/data/namlhs/StrainDB_CRC/sourmash/database/gtdb-rs214-k31.zip,"GCF_000224655.1 Bilophila sp. 4_1_30 strain=4_1_30, Bilophila_sp_4_1_30_V1",744f0ae9399d91fa21992a58d82c95e8,0.0474245518493306,208000,42,13597000,ERR2726542.fastq.gz,ERR2726542_rs214,077be4aa,44146000,31,DNA,1000,44146,True,0.841411073788779,0.906338496544086,0.873874785166433,0.906338496544086,False,216,37208,57900
1476000,0.0334345127531373,0.0247922808898419,0.00419064014859783,0.003713298791019,1.16216216216216,1,0.423212521752722,/data/namlhs/StrainDB_CRC/sourmash/database/gtdb-rs214-k31.zip,"GCF_024789695.1 Bacteroides ovatus strain=BFG-627, ASM2478969v1",071ec73fd810aabbcb6a1be3e4113fbb,0.197802197802198,185000,43,13412000,ERR2726542.fastq.gz,ERR2726542_rs214,077be4aa,44146000,31,DNA,1000,44146,True,0.896176160789742,0.949068977752788,0.922622569271265,0.949068977752788,False,215,37423,57900
176000,0.00398677116839578,0.0455610518094246,0.00396411905948444,0.00322970639032815,1.06857142857143,1,0.331034248181948,/data/namlhs/StrainDB_CRC/sourmash/database/gtdb-rs214-k31.zip,"GCA_900066245.1 uncultured Clostridium sp., 13414_6#42",acb582c5b0b751f548c8dc1e81dd2f90,0.0458214006769071,175000,44,13237000,ERR2726542.fastq.gz,ERR2726542_rs214,077be4aa,44146000,31,DNA,1000,44146,True,0.836759568667464,0.90533363749074,0.871046603079102,0.90533363749074,False,187,37610,57900
171000,0.00387351062383908,0.108571428571429,0.00387351062383908,0.00322970639032815,1.09356725146199,1,0.310657894392829,/data/namlhs/StrainDB_CRC/sourmash/database/gtdb-rs214-k31.zip,"GCA_015255285.1 Gemella morbillorum, ASM1525528v1",5948447ca98220a893b41c13157528f1,0.108571428571429,171000,45,13066000,ERR2726542.fastq.gz,ERR2726542_rs214,077be4aa,44146000,31,DNA,1000,44146,True,0.835982001858646,0.930880751285842,0.883431376572244,0.930880751285842,False,187,37797,57900
172000,0.00389616273275042,0.0381976212259835,0.00378290218819372,0.00300518134715026,1.04191616766467,1,0.228331448681888,/data/namlhs/StrainDB_CRC/sourmash/database/gtdb-rs214-k31.zip,"GCA_003434585.1 Subdoligranulum sp. AM23-21AC strain=AM23-21AC, ASM343458v1",94008e84f70fceaf63ea59c6021472b1,0.0393412625800549,167000,46,12899000,ERR2726542.fastq.gz,ERR2726542_rs214,077be4aa,44146000,31,DNA,1000,44146,True,0.836139260016698,0.900891575246424,0.86851541763156,0.900891575246424,False,174,37971,57900
160000,0.00362433742581434,0.082051282051282,0.00362433742581434,0.0029706390328152,1.075,1,0.263391343821318,/data/namlhs/StrainDB_CRC/sourmash/database/gtdb-rs214-k31.zip,"GCA_943912355.1 uncultured Firmicutes bacterium, 9JkgsdsrKt_bin.8.MAG",1bcfd4bbd1fb49df41e791e3ff508d56,0.082051282051282,160000,47,12739000,ERR2726542.fastq.gz,ERR2726542_rs214,077be4aa,44146000,31,DNA,1000,44146,True,0.834190883786563,0.922508753637102,0.878349818711832,0.922508753637102,False,172,38143,57900
155000,0.00351107688125765,0.0662051060147122,0.00346577266343497,0.0027979274611399,1.05882352941176,1,0.26160125615934,/data/namlhs/StrainDB_CRC/sourmash/database/gtdb-rs214-k31.zip,"GCA_934876255.1 Phascolarctobacterium faecium, MTG236_bin.14.fa",407b2d8ab2cb84781a9edfc35c2a172d,0.0670705322371268,153000,48,12586000,ERR2726542.fastq.gz,ERR2726542_rs214,077be4aa,44146000,31,DNA,1000,44146,True,0.833336983229248,0.916528946170716,0.874932964699982,0.916528946170716,False,162,38305,57900
206000,0.00466633443573597,0.0407348242811502,0.00346577266343497,0.0027979274611399,1.05882352941176,1,0.26160125615934,/data/namlhs/StrainDB_CRC/sourmash/database/gtdb-rs214-k31.zip,"GCF_015556425.1 Blautia wexlerae strain=1001713B170207_170306_B2, ASM1555642v1",754301bea4f0753d45f61abf3aa1510e,0.0548455804046858,153000,49,12433000,ERR2726542.fastq.gz,ERR2726542_rs214,077be4aa,44146000,31,DNA,1000,44146,True,0.841018739760716,0.9105989591844,0.875808849472558,0.9105989591844,False,162,38467,57900
870000,0.0197073347528655,0.0258121158911326,0.00332986000996693,0.00322970639032815,1.27210884353742,1,0.900172493895103,/data/namlhs/StrainDB_CRC/sourmash/database/gtdb-rs214-k31.zip,"GCA_003604075.1 Bacteroides sp. AF17-1 strain=AF17-1, ASM360407v1",89760bf57c1fdec5f5f940f212440e8f,0.152765583845479,147000,50,12286000,ERR2726542.fastq.gz,ERR2726542_rs214,077be4aa,44146000,31,DNA,1000,44146,True,0.881024522105849,0.941192033891919,0.911108277998884,0.941192033891919,False,187,38654,57900
177000,0.00400942327730712,0.0186286167261197,0.00319394735649889,0.00248704663212435,1.02127659574468,1,0.144304893257984,/data/namlhs/StrainDB_CRC/sourmash/database/gtdb-rs214-k31.zip,"GCF_001722585.1 Eisenbergiella tayi strain=NML140904, ASM172258v1",9601c8fbb7140f466e540d207edc9b99,0.0233848592944907,141000,51,12145000,ERR2726542.fastq.gz,ERR2726542_rs214,077be4aa,44146000,31,DNA,1000,44146,True,0.836912513614442,0.885900592803136,0.861406553208789,0.885900592803136,False,144,38798,57900
187000,0.00423594436642051,0.0434646654158849,0.00314864313867621,0.00252158894645941,1.05035971223022,1,0.218686102929074,/data/namlhs/StrainDB_CRC/sourmash/database/gtdb-rs214-k31.zip,"GCA_000209935.1 [Eubacterium] rectale DSM 17629 strain=DSM 17629, ASM20993v1",dcbd1d093e4e25fa785bf2accc52d95b,0.0584740462789243,139000,52,12006000,ERR2726542.fastq.gz,ERR2726542_rs214,077be4aa,44146000,31,DNA,1000,44146,True,0.838397564398247,0.912482654503899,0.875440109451073,0.912482654503899,False,146,38944,57900
136000,0.00308068681194219,0.0398700531600709,0.00305803470303085,0.00260794473229706,1.11851851851852,1,0.545036211530286,/data/namlhs/StrainDB_CRC/sourmash/database/gtdb-rs214-k31.zip,"GCA_023420195.1 Fusobacteria bacterium, ASM2342019v1",4c2c0968836981f0970b1debb97c1037,0.0401653868871825,135000,53,11871000,ERR2726542.fastq.gz,ERR2726542_rs214,077be4aa,44146000,31,DNA,1000,44146,True,0.829829043176845,0.901494260939704,0.865661652058275,0.901494260939704,False,151,39095,57900
348000,0.0078829339011462,0.0592365072400176,0.00305803470303085,0.00271157167530225,1.16296296296296,1,0.407474741910372,/data/namlhs/StrainDB_CRC/sourmash/database/gtdb-rs214-k31.zip,"GCF_902501475.1 Collinsella aerofaciens, DSM13712",83f4baf7b2bc9baeeeceb06027e59450,0.15269855199649,135000,54,11736000,ERR2726542.fastq.gz,ERR2726542_rs214,077be4aa,44146000,31,DNA,1000,44146,True,0.855364500448536,0.941178708976879,0.898271604712708,0.941178708976879,False,157,39252,57900
135000,0.00305803470303085,0.0566835871404399,0.00303538259411951,0.00238341968911917,1.02985074626866,1,0.170175436581961,/data/namlhs/StrainDB_CRC/sourmash/database/gtdb-rs214-k31.zip,"GCA_905206655.1 uncultured Clostridiales bacterium, ERR1600597-mag-bin.16",2d050ba7bc36f55c4edeb259af2a269a,0.0571065989847716,134000,55,11602000,ERR2726542.fastq.gz,ERR2726542_rs214,077be4aa,44146000,31,DNA,1000,44146,True,0.829631510968975,0.911786392139485,0.87070895155423,0.911786392139485,False,138,39390,57900
186000,0.00421329225750917,0.027660472972973,0.00296742626738549,0.00229706390328152,1.01526717557252,1,0.122613575604649,/data/namlhs/StrainDB_CRC/sourmash/database/gtdb-rs214-k31.zip,"GCA_025151045.1 Parabacteroides johnsonii DSM 18315 strain=DSM 18315, ASM2515104v1",02081adae2cbefe2ee8ca3ea6ec78648,0.0392736486486486,131000,56,11471000,ERR2726542.fastq.gz,ERR2726542_rs214,077be4aa,44146000,31,DNA,1000,44146,True,0.838252562742968,0.900841587892753,0.869547075317861,0.900841587892753,False,133,39523,57900
223000,0.00505142028722874,0.0362780393242869,0.00296742626738549,0.00234887737478411,1.0381679389313,1,0.191601532794063,/data/namlhs/StrainDB_CRC/sourmash/database/gtdb-rs214-k31.zip,"GCF_003461645.1 Alistipes sp. AF14-19 strain=AF14-19, ASM346164v1",d6df87979f0b57f5fe76e24cc41d131a,0.0617557463306563,131000,57,11340000,ERR2726542.fastq.gz,ERR2726542_rs214,077be4aa,44146000,31,DNA,1000,44146,True,0.843172754385293,0.914091336265419,0.878632045325356,0.914091336265419,False,136,39659,57900
707000,0.0160150410003171,0.0541850220264317,0.00278620939609478,0.00310880829015544,1.46341463414634,1,0.735761128243822,/data/namlhs/StrainDB_CRC/sourmash/database/gtdb-rs214-k31.zip,"GCA_934864975.1 Anaerotignum faecicola, MTG236_bin.22.fa",901c6c646b0852cb2786c105d556e3dc,0.311453744493392,123000,58,11217000,ERR2726542.fastq.gz,ERR2726542_rs214,077be4aa,44146000,31,DNA,1000,44146,True,0.875148091760075,0.963070004509332,0.919109048134704,0.963070004509332,False,180,39839,57900
125000,0.00283151361391746,0.0346804241903124,0.0027409051782721,0.00221070811744387,1.05785123966942,1,0.266520917299126,/data/namlhs/StrainDB_CRC/sourmash/database/gtdb-rs214-k31.zip,"GCF_003284655.1 Clostridium paraputrificum strain=Gcol.A11, ASM328465v1",2ccabccdb85bba5b4aeb707c9fa7247a,0.0358268844941244,121000,59,11096000,ERR2726542.fastq.gz,ERR2726542_rs214,077be4aa,44146000,31,DNA,1000,44146,True,0.827574410523998,0.898176281003936,0.862875345763967,0.898176281003936,False,128,39967,57900
314000,0.00711276219816065,0.0356287425149701,0.00269560096044942,0.00224525043177893,1.09243697478992,1,0.342791227804557,/data/namlhs/StrainDB_CRC/sourmash/database/gtdb-rs214-k31.zip,"GCF_013300185.1 Dorea longicatena strain=MSK.18.49, ASM1330018v1",56f7540d86858bb9fc58207dc9273138,0.0940119760479042,119000,60,10977000,ERR2726542.fastq.gz,ERR2726542_rs214,077be4aa,44146000,31,DNA,1000,44146,True,0.852532438208184,0.926567102874242,0.889549770541213,0.926567102874242,False,130,40097,57900
141000,0.00319394735649889,0.0402298850574713,0.00269560096044942,0.00214162348877375,1.04201680672269,1,0.301117191044856,/data/namlhs/StrainDB_CRC/sourmash/database/gtdb-rs214-k31.zip,"GCF_024125165.1 Agathobaculum butyriciproducens strain=NB2B-10-MRS, ASM2412516v1",d003da553f0a98a1b4f3d540da6eb9c0,0.0476673427991886,119000,61,10858000,ERR2726542.fastq.gz,ERR2726542_rs214,077be4aa,44146000,31,DNA,1000,44146,True,0.83079608948888,0.906487805010973,0.868641947249927,0.906487805010973,False,124,40221,57900
117000,0.00265029674262674,0.0593908629441624,0.00265029674262674,0.00215889464594128,1.06837606837607,1,0.252390137781767,/data/namlhs/StrainDB_CRC/sourmash/database/gtdb-rs214-k31.zip,"GCA_025150565.1 Granulicatella adiacens ATCC 49175 strain=ATCC 49175, ASM2515056v1",60b3c047fa7c6ad3239278d12adf5837,0.0593908629441624,117000,62,10741000,ERR2726542.fastq.gz,ERR2726542_rs214,077be4aa,44146000,31,DNA,1000,44146,True,0.825810627968707,0.912940700015582,0.869375663992144,0.912940700015582,False,125,40346,57900
1472000,0.033343904317492,0.0395904436860068,0.0026276446337154,0.00476683937823834,2.37931034482759,2,1.58470693697601,/data/namlhs/StrainDB_CRC/sourmash/database/gtdb-rs214-k31.zip,"GCF_000336235.1 Prevotella nigrescens F0103 strain=F0103, Prev_nigr_F0103_V1",3eca453bc25e10b32f6e6884dcd29fce,0.502389078498293,116000,63,10625000,ERR2726542.fastq.gz,ERR2726542_rs214,077be4aa,44146000,31,DNA,1000,44146,True,0.896097713948866,0.97803891490976,0.937068314429313,0.97803891490976,False,276,40622,57900
235000,0.00532324559416482,0.035725677830941,0.00253703619807004,0.0020552677029361,1.0625,1,0.334910702384126,/data/namlhs/StrainDB_CRC/sourmash/database/gtdb-rs214-k31.zip,"GCF_009679665.1 Faecalibacterium sp. BIOML-A4 strain=BIOML-A4, ASM967966v1",5c0c908fca7e2bdcb59bb9f4aaab1872,0.0749601275917065,112000,64,10513000,ERR2726542.fastq.gz,ERR2726542_rs214,077be4aa,44146000,31,DNA,1000,44146,True,0.844599567984326,0.919822870703146,0.882211219343736,0.919822870703146,False,119,40741,57900
753000,0.0170570380102388,0.0190245589761328,0.00249173198024736,0.0022279792746114,1.17272727272727,1,0.378011325205305,/data/namlhs/StrainDB_CRC/sourmash/database/gtdb-rs214-k31.zip,"GCF_000382465.1 Bacteroides sp. HPS0048 strain=HPS0048, Bact_sp_HPS0048_V1",f7e85afa7ceaec5d310900f053f9d8fe,0.130231753718437,110000,65,10403000,ERR2726542.fastq.gz,ERR2726542_rs214,077be4aa,44146000,31,DNA,1000,44146,True,0.876929404652889,0.936359196490288,0.906644300571588,0.936359196490288,False,129,40870,57900
1419000,0.032143342545191,0.021379980563654,0.00249173198024736,0.00238341968911917,1.25454545454545,1,0.57897030283966,/data/namlhs/StrainDB_CRC/sourmash/database/gtdb-rs214-k31.zip,"GCF_003438425.1 Bacteroides caccae strain=OM05-21BH, ASM343842v1",b3d94dc1107b6eaf6772d026308add86,0.275801749271137,110000,66,10293000,ERR2726542.fastq.gz,ERR2726542_rs214,077be4aa,44146000,31,DNA,1000,44146,True,0.895038354672107,0.959300658228475,0.927169506450291,0.959300658228475,False,138,41008,57900
1443000,0.0326869931590631,0.0174437044084998,0.00249173198024736,0.00260794473229706,1.37272727272727,1,0.615837801979634,/data/namlhs/StrainDB_CRC/sourmash/database/gtdb-rs214-k31.zip,"GCF_018785745.1 Bacteroides xylanisolvens strain=MCC247, ASM1878574v1",71d27b23081dcf45a43459b49b5a7674,0.228829686013321,110000,67,10183000,ERR2726542.fastq.gz,ERR2726542_rs214,077be4aa,44146000,31,DNA,1000,44146,True,0.895522726893879,0.953540422824093,0.924531574858986,0.953540422824093,False,151,41159,57900
114000,0.00258234041589272,0.0373799725651577,0.00246907987133602,0.00189982728842832,1.00917431192661,1,0.0953422462881951,/data/namlhs/StrainDB_CRC/sourmash/database/gtdb-rs214-k31.zip,"GCA_021620965.1 Bacteroidaceae bacterium, ASM2162096v1",5854b1e2f9f6d3872a17ce75ce5d2896,0.0390946502057613,109000,68,10074000,ERR2726542.fastq.gz,ERR2726542_rs214,077be4aa,44146000,31,DNA,1000,44146,True,0.82511895544552,0.900708850183135,0.862913902814327,0.900708850183135,False,110,41269,57900
244000,0.00552711457436687,0.0270680495825955,0.00242377565351334,0.00207253886010363,1.1214953271028,1,0.487417002258142,/data/namlhs/StrainDB_CRC/sourmash/database/gtdb-rs214-k31.zip,"GCA_003435455.1 Clostridiaceae bacterium TF01-6 strain=TF01-6, ASM343545v1",2373f7405e006a26784c968b4c810969,0.061725271945358,107000,69,9967000,ERR2726542.fastq.gz,ERR2726542_rs214,077be4aa,44146000,31,DNA,1000,44146,True,0.845624135426941,0.914076782036622,0.879850458731781,0.914076782036622,False,120,41389,57900
107000,0.00242377565351334,0.0499031007751938,0.00233316721786798,0.00184801381692573,1.03883495145631,1,0.193201444098373,/data/namlhs/StrainDB_CRC/sourmash/database/gtdb-rs214-k31.zip,"GCF_000186945.2 Solobacterium moorei F0204 strain=F0204, ASM18694v2",8f8aad0bc58ecc2462107190d7894633,0.0518410852713178,103000,70,9864000,ERR2726542.fastq.gz,ERR2726542_rs214,077be4aa,44146000,31,DNA,1000,44146,True,0.823433985654443,0.908945562406114,0.866189774030279,0.908945562406114,False,107,41496,57900
103000,0.00233316721786798,0.0315106580166821,0.00231051510895664,0.0018307426597582,1.03921568627451,1,0.194107743855131,/data/namlhs/StrainDB_CRC/sourmash/database/gtdb-rs214-k31.zip,"GCF_003340145.1 Eggerthella lenta strain=AB8 #2, ASM334014v1",c559ff6bd87616588c72e5b9d06b9b50,0.0318195860364535,102000,71,9762000,ERR2726542.fastq.gz,ERR2726542_rs214,077be4aa,44146000,31,DNA,1000,44146,True,0.822422584455277,0.894746119209802,0.85858435183254,0.894746119209802,False,106,41602,57900
197000,0.00446246545553391,0.0266595574513463,0.00226521089113396,0.00202072538860104,1.17,1,1.40751554165487,/data/namlhs/StrainDB_CRC/sourmash/database/gtdb-rs214-k31.zip,"GCF_024462395.1 Agathobaculum butyriciproducens strain=DFI.6.43, ASM2446239v1",94609c27ea7e5c9ab40eb631a139ba46,0.0525193281791522,100000,72,9662000,ERR2726542.fastq.gz,ERR2726542_rs214,077be4aa,44146000,31,DNA,1000,44146,True,0.839807665505353,0.909326762336936,0.874567213921145,0.909326762336936,False,117,41719,57900
120000,0.00271825306936076,0.0204697263520793,0.00215195034657727,0.00181347150259067,1.10526315789474,1,0.469572800488325,/data/namlhs/StrainDB_CRC/sourmash/database/gtdb-rs214-k31.zip,"GCF_015560985.1 Flavonifractor plautii strain=1001095IJ_161003_H2, ASM1556098v1",a1d2ec3ffc11798f0708e04703fcb9b2,0.0258564964447317,95000,73,9567000,ERR2726542.fastq.gz,ERR2726542_rs214,077be4aa,44146000,31,DNA,1000,44146,True,0.826485345869895,0.888776514885558,0.857630930377727,0.888776514885558,False,105,41824,57900
168000,0.00380555429710506,0.0267597440372309,0.00208399401984325,0.00164075993091537,1.03260869565217,1,0.177610159112698,/data/namlhs/StrainDB_CRC/sourmash/database/gtdb-rs214-k31.zip,"GCF_003459565.1 Dorea formicigenerans strain=AF19-4AC, ASM345956v1",10317ff7884d963ed23800249c1d4a4c,0.0488656195462478,92000,74,9475000,ERR2726542.fastq.gz,ERR2726542_rs214,077be4aa,44146000,31,DNA,1000,44146,True,0.83550483074154,0.907214091551305,0.871359461146422,0.907214091551305,False,95,41919,57900
134000,0.00303538259411951,0.0261119081779053,0.00206134191093191,0.00160621761658031,1.02197802197802,1,0.146611693012377,/data/namlhs/StrainDB_CRC/sourmash/database/gtdb-rs214-k31.zip,"GCA_934841395.1 Alistipes onderdonkii, MTG229_bin.33.fa",b5ccf5025e330c8a0e24322ffda00525,0.0384505021520803,91000,75,9384000,ERR2726542.fastq.gz,ERR2726542_rs214,077be4aa,44146000,31,DNA,1000,44146,True,0.829432557652838,0.900226261208485,0.864829409430661,0.900226261208485,False,93,42012,57900
1808000,0.0409550129117021,0.0127629733520337,0.00206134191093191,0.00191709844559586,1.21978021978022,1,0.530440368621854,/data/namlhs/StrainDB_CRC/sourmash/database/gtdb-rs214-k31.zip,"GCF_000157055.1 Bacteroides sp. 2_2_4 strain=2_2_4, ASM15705v1",e350fd14f71dce2248107cfc3a1d6ee8,0.253576437587658,91000,76,9293000,ERR2726542.fastq.gz,ERR2726542_rs214,077be4aa,44146000,31,DNA,1000,44146,True,0.902060595071119,0.956704256793108,0.929382425932113,0.956704256793108,False,111,42123,57900
573000,0.0129796584061976,0.0275904353157572,0.00203868980202057,0.00189982728842832,1.22222222222222,1,0.532870169256969,/data/namlhs/StrainDB_CRC/sourmash/database/gtdb-rs214-k31.zip,"GCF_003478615.1 Clostridium sp. AF24-2LB strain=AF24-2LB, ASM347861v1",0e6986b73bce0e39b01f538300200f74,0.175659104843654,90000,77,9203000,ERR2726542.fastq.gz,ERR2726542_rs214,077be4aa,44146000,31,DNA,1000,44146,True,0.869235639714169,0.945441229879831,0.907338434797,0.945441229879831,False,110,42233,57900
1549000,0.0350881167036651,0.0136840504789418,0.00203868980202057,0.00189982728842832,1.22222222222222,1,0.511593974809837,/data/namlhs/StrainDB_CRC/sourmash/database/gtdb-rs214-k31.zip,"GCF_024788765.1 Bacteroides thetaiotaomicron strain=BFG-123, ASM2478876v1",4a7b7e4d0149bfd08ff76e52ec09d2b9,0.23551771324312,90000,78,9113000,ERR2726542.fastq.gz,ERR2726542_rs214,077be4aa,44146000,31,DNA,1000,44146,True,0.897572791820897,0.954426954522852,0.925999873171874,0.954426954522852,False,110,42343,57900
1398000,0.0316676482580528,0.0185342991052407,0.00197073347528655,0.00203799654576857,1.35632183908046,1,0.64285661857975,/data/namlhs/StrainDB_CRC/sourmash/database/gtdb-rs214-k31.zip,"GCF_000403175.1 Bacteroides uniformis dnLKV2 strain=dnLKV2, Bact_unif_dnLKV2_V1",819c415db28c53c0b4dd123ffd3b5dac,0.297827013208351,87000,79,9026000,ERR2726542.fastq.gz,ERR2726542_rs214,077be4aa,44146000,31,DNA,1000,44146,True,0.894607980692294,0.961681141296228,0.928144560994261,0.961681141296228,False,118,42461,57900
167000,0.00378290218819372,0.022483660130719,0.00194808136637521,0.00155440414507772,1.04651162790698,1,0.260007904360441,/data/namlhs/StrainDB_CRC/sourmash/database/gtdb-rs214-k31.zip,"GCA_003464105.1 Blautia obeum strain=AM54-7NE, ASM346410v1",d1692eccb0af365bcceb7e4b19eddea7,0.0436601307189542,86000,80,8940000,ERR2726542.fastq.gz,ERR2726542_rs214,077be4aa,44146000,31,DNA,1000,44146,True,0.835343939674802,0.903923703941429,0.869633821808115,0.903923703941429,False,90,42551,57900
95000,0.00215195034657727,0.0402810304449649,0.00194808136637521,0.00150259067357513,1.01162790697674,1,0.107204005317359,/data/namlhs/StrainDB_CRC/sourmash/database/gtdb-rs214-k31.zip,"GCA_900548715.1 uncultured Ruminococcaceae bacterium, UMGS1108",05441e905ea2efd5b1ea6697b54067b8,0.0444964871194379,86000,81,8854000,ERR2726542.fastq.gz,ERR2726542_rs214,077be4aa,44146000,31,DNA,1000,44146,True,0.820280392446681,0.904477159168385,0.862378775807533,0.904477159168385,False,87,42638,57900
148000,0.00335251211887827,0.0247197470537511,0.00194808136637521,0.00157167530224525,1.05813953488372,1,0.279311910452658,/data/namlhs/StrainDB_CRC/sourmash/database/gtdb-rs214-k31.zip,"GCF_018785515.1 Butyricicoccus faecihominis strain=MCC316, ASM1878551v1",be540772108aea136bdcc2624a7b997e,0.0425409600459902,86000,82,8768000,ERR2726542.fastq.gz,ERR2726542_rs214,077be4aa,44146000,31,DNA,1000,44146,True,0.83209562255919,0.903166825466064,0.867631224012627,0.903166825466064,False,91,42729,57900
158000,0.00357903320799166,0.030379746835443,0.00190277714855253,0.00153713298791019,1.05952380952381,1,0.236602463266093,/data/namlhs/StrainDB_CRC/sourmash/database/gtdb-rs214-k31.zip,"GCF_023347275.1 Faecalibacterium sp. I3389 strain=I3389, ASM2334727v1",88f1b5eec91b23fd70f1b11b9f13bd9a,0.0571428571428571,84000,83,8684000,ERR2726542.fastq.gz,ERR2726542_rs214,077be4aa,44146000,31,DNA,1000,44146,True,0.833852465178332,0.911805060985158,0.872828763081745,0.911805060985158,False,89,42818,57900
687000,0.0155619988220903,0.038015762633287,0.00185747293072985,0.00202072538860104,1.42682926829268,1,0.69896243321498,/data/namlhs/StrainDB_CRC/sourmash/database/gtdb-rs214-k31.zip,"GCA_944390785.1 Candidatus Duodenibacillus intestinigallinarum, BRZ_L__bin134",0bb0e68253c289767d792ec666c3ce1b,0.318497913769124,82000,84,8602000,ERR2726542.fastq.gz,ERR2726542_rs214,077be4aa,44146000,31,DNA,1000,44146,True,0.874338351225867,0.963765066423871,0.919051708824869,0.963765066423871,False,117,42935,57900
2644000,0.059892175961582,0.0148450547411394,0.00181216871290717,0.00265975820379965,1.925,1,1.26268562991744,/data/namlhs/StrainDB_CRC/sourmash/database/gtdb-rs214-k31.zip,"GCA_944322245.1 Bacteroides fragilis, BRZ_FI__bin83",c05913eb77f7a728886a346ffde10e5f,0.490629059194656,80000,85,8522000,ERR2726542.fastq.gz,ERR2726542_rs214,077be4aa,44146000,31,DNA,1000,44146,True,0.913188272625154,0.977291899282014,0.945240085953584,0.977291899282014,False,154,43089,57900
80000,0.00181216871290717,0.0411946446961895,0.00181216871290717,0.00139896373056995,1.0125,1,0.111102430216445,/data/namlhs/StrainDB_CRC/sourmash/database/gtdb-rs214-k31.zip,"GCF_000296505.1 Schaalia turicensis ACS-279-V-Col4 strain=ACS-279-V-Col4, Acti_turi_ACS-279-V-COL4_V1",acafc930e899b7378e7c2c72ab8e14d4,0.0411946446961895,80000,86,8442000,ERR2726542.fastq.gz,ERR2726542_rs214,077be4aa,44146000,31,DNA,1000,44146,True,0.815745702370403,0.902230374385853,0.858988038378128,0.902230374385853,False,81,43170,57900
80000,0.00181216871290717,0.0228521839745444,0.00178951660399583,0.00138169257340242,1.0126582278481,1,0.111794441345922,/data/namlhs/StrainDB_CRC/sourmash/database/gtdb-rs214-k31.zip,"GCA_000158555.2 Coprobacillus sp. D7 strain=D7, Erys_bact_D7_V2",bd8668fc5ef55d058ba14f722fc61689,0.0231414521261209,79000,87,8363000,ERR2726542.fastq.gz,ERR2726542_rs214,077be4aa,44146000,31,DNA,1000,44146,True,0.815745702370403,0.885601628933322,0.850673665651863,0.885601628933322,False,80,43250,57900
119000,0.00269560096044942,0.0228215767634855,0.00174421238617315,0.00134715025906736,1.01298701298701,1,0.11321815437768,/data/namlhs/StrainDB_CRC/sourmash/database/gtdb-rs214-k31.zip,"GCA_944320125.1 Alistipes finegoldii, BRZ_EV__bin15",3dd507184c720e61722e8c97e90f34c6,0.0352697095435685,77000,88,8286000,ERR2726542.fastq.gz,ERR2726542_rs214,077be4aa,44146000,31,DNA,1000,44146,True,0.826262271601808,0.897722264359951,0.86199226798088,0.897722264359951,False,78,43328,57900
88000,0.00199338558419789,0.0182135728542914,0.00165360395052779,0.00129533678756477,1.02739726027397,1,0.232473462307906,/data/namlhs/StrainDB_CRC/sourmash/database/gtdb-rs214-k31.zip,"GCA_018364395.1 Clostridium sp., ASM1836439v1",8d396f2a7a17a9548a7ea9e00858897a,0.0219560878243513,73000,89,8213000,ERR2726542.fastq.gz,ERR2726542_rs214,077be4aa,44146000,31,DNA,1000,44146,True,0.818257589868894,0.884100778276289,0.851179184072591,0.884100778276289,False,75,43403,57900
323000,0.00731663117836271,0.0343839541547278,0.00163095184161645,0.00138169257340242,1.11111111111111,1,0.355729124301825,/data/namlhs/StrainDB_CRC/sourmash/database/gtdb-rs214-k31.zip,"GCA_905215725.1 uncultured bacterium, ERR321568-mag-bin.20",3186683e05763eb3944328dc6f9a25c5,0.154250238777459,72000,90,8141000,ERR2726542.fastq.gz,ERR2726542_rs214,077be4aa,44146000,31,DNA,1000,44146,True,0.853309953889236,0.941485719352026,0.897397836620631,0.941485719352026,False,80,43483,57900
71000,0.00160829973270511,0.0165849100677412,0.00160829973270511,0.00127806563039724,1.04225352112676,1,0.261986975179412,/data/namlhs/StrainDB_CRC/sourmash/database/gtdb-rs214-k31.zip,"GCF_000821305.1 Clostridium sp. CL-6, Clostridium culturomicsense",52d2ee04a9f421e2f8908acbd19108ea,0.0165849100677412,71000,91,8070000,ERR2726542.fastq.gz,ERR2726542_rs214,077be4aa,44146000,31,DNA,1000,44146,True,0.812611204353465,0.876135728355005,0.844373466354235,0.876135728355005,False,74,43557,57900
233000,0.00527794137634214,0.0293009627459188,0.00158564762379378,0.00122625215889465,1.01428571428571,1,0.118666055184544,/data/namlhs/StrainDB_CRC/sourmash/database/gtdb-rs214-k31.zip,"GCA_000432795.1 Coprobacillus sp. CAG:235, MGS235",f02ef85c759cd531c3b562d8845fe16e,0.0975303474257011,70000,92,8000000,ERR2726542.fastq.gz,ERR2726542_rs214,077be4aa,44146000,31,DNA,1000,44146,True,0.844366734158391,0.927665927409243,0.886016330783817,0.927665927409243,False,71,43628,57900
178000,0.00403207538621846,0.0159127074335076,0.00158564762379378,0.00126079447322971,1.04285714285714,1,0.263802647323134,/data/namlhs/StrainDB_CRC/sourmash/database/gtdb-rs214-k31.zip,"GCA_019417795.1 Clostridiales bacterium, ASM1941779v1",6bae471e5a4f273d83204d975d3e2077,0.0404637417594908,70000,93,7930000,ERR2726542.fastq.gz,ERR2726542_rs214,077be4aa,44146000,31,DNA,1000,44146,True,0.837064624615012,0.901709502563395,0.869387063589203,0.901709502563395,False,73,43701,57900
74000,0.00167625605943913,0.0247400501972033,0.00156299551488244,0.00120898100172712,1.01449275362319,1,0.119510307988918,/data/namlhs/StrainDB_CRC/sourmash/database/gtdb-rs214-k31.zip,"GCA_934403635.1 uncultured Lachnospiraceae bacterium, ERR7738564_bin.66",422bd0c26f5ddbcb1b6b7e44e6ba9fe2,0.0265328074578702,69000,94,7861000,ERR2726542.fastq.gz,ERR2726542_rs214,077be4aa,44146000,31,DNA,1000,44146,True,0.813696770435527,0.889517091009742,0.851606930722634,0.889517091009742,False,70,43771,57900
376000,0.00851719295066371,0.0102954341987466,0.00156299551488244,0.00162348877374784,1.36231884057971,1,1.7853754892098,/data/namlhs/StrainDB_CRC/sourmash/database/gtdb-rs214-k31.zip,"GCF_015550265.1 Bacteroides cellulosilyticus strain=D41t1_190614_F2, ASM1555026v1",b977d06e77d18a38acb6a4bcb7ea3363,0.0561026559236049,69000,95,7792000,ERR2726542.fastq.gz,ERR2726542_rs214,077be4aa,44146000,31,DNA,1000,44146,True,0.857502451897293,0.911264866445717,0.884383659171505,0.911264866445717,False,94,43865,57900
651000,0.0147465229012821,0.0153118666966899,0.0015403434059711,0.00143350604490501,1.22058823529412,1,0.448710185364481,/data/namlhs/StrainDB_CRC/sourmash/database/gtdb-rs214-k31.zip,"GCA_022720675.1 Lachnospiraceae bacterium, ASM2272067v1",3709975fd9f9f1562da13bf0e5a7f59d,0.146588606169782,68000,96,7724000,ERR2726542.fastq.gz,ERR2726542_rs214,077be4aa,44146000,31,DNA,1000,44146,True,0.872821573035279,0.939939729804731,0.906380651420005,0.939939729804731,False,83,43948,57900
434000,0.00983101526752141,0.0363247863247863,0.0015403434059711,0.00169257340241796,1.44117647058824,1,0.864025342445199,/data/namlhs/StrainDB_CRC/sourmash/database/gtdb-rs214-k31.zip,"GCA_916438895.1 Peptostreptococcus stomatis, DRR214960_bin.10_metaWRAP_v1.1_MAG",c4cedbf93f82ab0ee52c8241f89cc6c9,0.231837606837607,68000,97,7656000,ERR2726542.fastq.gz,ERR2726542_rs214,077be4aa,44146000,31,DNA,1000,44146,True,0.861479820177945,0.953942198909942,0.907711009543943,0.953942198909942,False,98,44046,57900
1467000,0.0332306437729353,0.0244165170556553,0.0015403434059711,0.00312607944732297,2.66176470588235,2,1.55875416049869,/data/namlhs/StrainDB_CRC/sourmash/database/gtdb-rs214-k31.zip,"GCF_002204475.1 Prevotella nigrescens strain=KCOM 1102, ASM220447v1",3872eb7ca575d3daaf5149657eb55b3a,0.526750448833034,68000,98,7588000,ERR2726542.fastq.gz,ERR2726542_rs214,077be4aa,44146000,31,DNA,1000,44146,True,0.895999364784356,0.979533996042902,0.937766680413629,0.979533996042902,False,181,44227,57900
138000,0.00312599102976487,0.0182119205298013,0.00149503918814842,0.00113989637305699,1,1,0,/data/namlhs/StrainDB_CRC/sourmash/database/gtdb-rs214-k31.zip,"GCF_013300425.1 Fusicatenibacter saccharivorans strain=MSK.19.10, ASM1330042v1",bdc8a8a237353ae4b48f2b675b031664,0.0380794701986755,66000,99,7522000,ERR2726542.fastq.gz,ERR2726542_rs214,077be4aa,44146000,31,DNA,1000,44146,True,0.830219925781348,0.899944724376487,0.865082325078918,0.899944724376487,False,66,44293,57900
216000,0.00489285552484936,0.0144705108528831,0.00149503918814842,0.00117443868739206,1.03030303030303,1,0.171419825742193,/data/namlhs/StrainDB_CRC/sourmash/database/gtdb-rs214-k31.zip,"GCF_020564465.1 Lacrimispora saccharolytica strain=DFI.5.56, NA",749adf0fbe06af624ec8a1ea5ab000b7,0.0473580355185266,66000,100,7456000,ERR2726542.fastq.gz,ERR2726542_rs214,077be4aa,44146000,31,DNA,1000,44146,True,0.842305729003587,0.906297462086866,0.874301595545227,0.906297462086866,False,68,44361,57900
171000,0.00387351062383908,0.0157674304015767,0.00144973497032574,0.00115716753022453,1.046875,1,0.211371082163573,/data/namlhs/StrainDB_CRC/sourmash/database/gtdb-rs214-k31.zip,"GCF_020731525.1 Roseburia inulinivorans DSM 16841 strain=FDAARGOS_1587, ASM2073152v1",85edd62dee0eda233289db3546df82c4,0.0421286031042129,64000,101,7392000,ERR2726542.fastq.gz,ERR2726542_rs214,077be4aa,44146000,31,DNA,1000,44146,True,0.835982001858646,0.902883087483949,0.869432544671297,0.902883087483949,False,67,44428,57900
126000,0.00285416572282879,0.0183139534883721,0.0014270828614144,0.00110535405872193,1.01587301587302,1,0.124984251968441,/data/namlhs/StrainDB_CRC/sourmash/database/gtdb-rs214-k31.zip,"GCA_900066385.1 uncultured Clostridium sp., 13414_6#69",21f09858a4d8f2eafefdafe5730a0497,0.0366279069767442,63000,102,7329000,ERR2726542.fastq.gz,ERR2726542_rs214,077be4aa,44146000,31,DNA,1000,44146,True,0.827787155712996,0.898817165950342,0.863302160831669,0.898817165950342,False,64,44492,57900
349000,0.00790558601005754,0.0367990654205607,0.0014270828614144,0.00132987910189983,1.22222222222222,1,0.517762108898415,/data/namlhs/StrainDB_CRC/sourmash/database/gtdb-rs214-k31.zip,"GCF_902373675.1 Parvimonas micra, MGYG-HGUT-01301",1e37bde23e9f7c9ac2d0a8827d4fb3a0,0.203855140186916,63000,103,7266000,ERR2726542.fastq.gz,ERR2726542_rs214,077be4aa,44146000,31,DNA,1000,44146,True,0.855443678925512,0.949992231223348,0.90271795507443,0.949992231223348,False,77,44569,57900
435000,0.00985366737643275,0.0171176145775814,0.00140443075250306,0.00112262521588946,1.04838709677419,1,0.214582817671775,/data/namlhs/StrainDB_CRC/sourmash/database/gtdb-rs214-k31.zip,"GCF_001405615.1 Roseburia faecis strain=2789STDY5608863, 13414_6#47",e94c2e2f46708c3df68b1dae737c7a3d,0.120099392600773,62000,104,7204000,ERR2726542.fastq.gz,ERR2726542_rs214,077be4aa,44146000,31,DNA,1000,44146,True,0.861543780397713,0.933915897267472,0.897729838832592,0.933915897267472,False,65,44634,57900
60000,0.00135912653468038,0.028023598820059,0.00129117020794636,0.000984455958549223,1,1,0,/data/namlhs/StrainDB_CRC/sourmash/database/gtdb-rs214-k31.zip,"GCF_000293015.1 Slackia sp. CM382 strain=CM382, SspCM382v1.0",8d4334620940a422cb20ea8da23980e1,0.0294985250737463,57000,105,7147000,ERR2726542.fastq.gz,ERR2726542_rs214,077be4aa,44146000,31,DNA,1000,44146,True,0.808210545175396,0.892562670406095,0.850386607790745,0.892562670406095,False,57,44691,57900
281000,0.00636524260408644,0.0166715413863703,0.00129117020794636,0.00103626943005181,1.05263157894737,1,0.223296878269436,/data/namlhs/StrainDB_CRC/sourmash/database/gtdb-rs214-k31.zip,"GCF_003462725.1 Coprococcus comes strain=AF16-31, ASM346272v1",69d2ee533890b5cefb751a05597bd597,0.0821877742029833,57000,106,7090000,ERR2726542.fastq.gz,ERR2726542_rs214,077be4aa,44146000,31,DNA,1000,44146,True,0.849484230730086,0.922558216788164,0.886021223759125,0.922558216788164,False,60,44751,57900
332000,0.00752050015856476,0.0100352112676056,0.00129117020794636,0.00117443868739206,1.19298245614035,1,0.782227958231858,/data/namlhs/StrainDB_CRC/sourmash/database/gtdb-rs214-k31.zip,"GCF_015558155.1 Bacteroides finegoldii strain=D59t2_181005_D3, ASM1555815v1",e6f64fdbc0ae1bcf19c922a6cefcb61c,0.0584507042253521,57000,107,7033000,ERR2726542.fastq.gz,ERR2726542_rs214,077be4aa,44146000,31,DNA,1000,44146,True,0.85406678012752,0.912470902207445,0.883268841167482,0.912470902207445,False,68,44819,57900
1475000,0.033411860644226,0.0113795168696347,0.00129117020794636,0.00145077720207254,1.47368421052632,1,0.72801733057005,/data/namlhs/StrainDB_CRC/sourmash/database/gtdb-rs214-k31.zip,"GCF_019131575.1 Bacteroides uniformis strain=DFI.4.149, ASM1913157v1",32ab303cd613288f6f0c16ff2ba873ff,0.294469954082651,57000,108,6976000,ERR2726542.fastq.gz,ERR2726542_rs214,077be4aa,44146000,31,DNA,1000,44146,True,0.896156568384787,0.961329545130012,0.928743056757399,0.961329545130012,False,84,44903,57900
57000,0.00129117020794636,0.0244862264975951,0.00126851809903502,0.000984455958549223,1.01785714285714,1,0.132432115840994,/data/namlhs/StrainDB_CRC/sourmash/database/gtdb-rs214-k31.zip,"GCA_014866905.1 Alistipes putredinis, ASM1486690v1",b3cf8624565ac1626ccf10513c5b7fa3,0.024923480542195,56000,109,6920000,ERR2726542.fastq.gz,ERR2726542_rs214,077be4aa,44146000,31,DNA,1000,44146,True,0.80687436764324,0.887723465140675,0.847298916391958,0.887723465140675,False,57,44960,57900
59000,0.00133647442576904,0.0298030867482704,0.00126851809903502,0.000984455958549223,1.01785714285714,1,0.132432115840994,/data/namlhs/StrainDB_CRC/sourmash/database/gtdb-rs214-k31.zip,"GCF_000293155.1 Mogibacterium sp. CM50 strain=CM50, MspCM50v1.0",d35004dc70124aecc396bc5edc43a4b3,0.0313996806812134,56000,110,6864000,ERR2726542.fastq.gz,ERR2726542_rs214,077be4aa,44146000,31,DNA,1000,44146,True,0.807772480381162,0.894362779842786,0.851067630111974,0.894362779842786,False,57,45017,57900
658000,0.0149050876636615,0.0269343780607248,0.00124586599012368,0.00124352331606218,1.30909090909091,1,0.599172983755785,/data/namlhs/StrainDB_CRC/sourmash/database/gtdb-rs214-k31.zip,"GCA_015052045.1 Clostridium sp., ASM1505204v1",c138567942b393ccd25ccef6c8d6c776,0.322233104799216,55000,111,6809000,ERR2726542.fastq.gz,ERR2726542_rs214,077be4aa,44146000,31,DNA,1000,44146,True,0.873122756570789,0.964127612445402,0.918625184508096,0.964127612445402,False,72,45089,57900
187000,0.00423594436642051,0.00791139240506329,0.00124586599012368,0.00115716753022453,1.21818181818182,1,0.528837802627236,/data/namlhs/StrainDB_CRC/sourmash/database/gtdb-rs214-k31.zip,"GCA_934863385.1 Clostridiales bacterium KLE1615, MTG236_bin.53.fa",70dcb26ea64567df55624ab2bbbda41b,0.0268987341772152,55000,112,6754000,ERR2726542.fastq.gz,ERR2726542_rs214,077be4aa,44146000,31,DNA,1000,44146,True,0.838397564398247,0.88991020794667,0.864153886172459,0.88991020794667,False,67,45156,57900
100000,0.00226521089113396,0.0129742962056304,0.001200561772301,0.000915371329879102,1,1,0,/data/namlhs/StrainDB_CRC/sourmash/database/gtdb-rs214-k31.zip,"GCF_003478285.1 Clostridium sp. AM51-4 strain=AM51-4, ASM347828v1",53dbe3d587abc3d1b2a8f59cd9bcea1c,0.0244798041615667,53000,113,6701000,ERR2726542.fastq.gz,ERR2726542_rs214,077be4aa,44146000,31,DNA,1000,44146,True,0.821638770249233,0.887209252972418,0.854424011610825,0.887209252972418,False,53,45209,57900
357000,0.00808680288134825,0.0242741551642075,0.00115525755447832,0.00101899827288428,1.15686274509804,1,0.414092393763586,/data/namlhs/StrainDB_CRC/sourmash/database/gtdb-rs214-k31.zip,"GCF_000163915.2 Fusobacterium nucleatum subsp. vincentii 3_1_27 strain=3_1_27, ASM16391v2",5f4d17f1bd5bf68a077f280f6705c0c0,0.169919086149453,51000,114,6650000,ERR2726542.fastq.gz,ERR2726542_rs214,077be4aa,44146000,31,DNA,1000,44146,True,0.856069315835998,0.944428538609822,0.90024892722291,0.944428538609822,False,59,45268,57900
407000,0.00921940832691524,0.0158483530142946,0.00115525755447832,0.000915371329879102,1.03921568627451,1,0.194107743855131,/data/namlhs/StrainDB_CRC/sourmash/database/gtdb-rs214-k31.zip,"GCF_015556385.1 Dorea longicatena strain=1001262B_160229_G10, ASM1555638v1",a061174f76d0f8d658dd777fd664e128,0.126476072094469,51000,115,6599000,ERR2726542.fastq.gz,ERR2726542_rs214,077be4aa,44146000,31,DNA,1000,44146,True,0.859696700022795,0.935475737343501,0.897586218683148,0.935475737343501,False,53,45321,57900
141000,0.00319394735649889,0.014045717433214,0.00115525755447832,0.000915371329879102,1.03921568627451,1,0.194107743855131,/data/namlhs/StrainDB_CRC/sourmash/database/gtdb-rs214-k31.zip,"GCF_022132285.1 Lawsonibacter sp. DFI.6.74 strain=DFI.6.74, NA",3bd5924f6f99120183f86db382039c40,0.038832277609474,51000,116,6548000,ERR2726542.fastq.gz,ERR2726542_rs214,077be4aa,44146000,31,DNA,1000,44146,True,0.83079608948888,0.900513218981363,0.865654654235122,0.900513218981363,False,53,45374,57900
305000,0.00690889321795859,0.0177683013503909,0.00113260544556698,0.00103626943005181,1.2,1,0.529150262212918,/data/namlhs/StrainDB_CRC/sourmash/database/gtdb-rs214-k31.zip,"GCA_905203595.1 uncultured Faecalibacterium sp., SRR341713-mag-bin.6",755a3f7e836739be790892266fbc06fa,0.108386638237385,50000,117,6498000,ERR2726542.fastq.gz,ERR2726542_rs214,077be4aa,44146000,31,DNA,1000,44146,True,0.851733049535304,0.930829600304199,0.891281324919752,0.930829600304199,False,60,45434,57900
