intersect_bp,f_orig_query,f_match,f_unique_to_query,f_unique_weighted,average_abund,median_abund,std_abund,filename,name,md5,f_match_orig,unique_intersect_bp,gather_result_rank,remaining_bp,query_filename,query_name,query_md5,query_bp,ksize,moltype,scaled,query_n_hashes,query_abundance,query_containment_ani,match_containment_ani,average_containment_ani,max_containment_ani,potential_false_negative,n_unique_weighted_found,sum_weighted_found,total_weighted_hashes
2508000,0.05681148914963983,0.4935064935064935,0.05681148914963983,0.07528497409326425,1.7380382775119618,1.0,1.3183303363451113,/data/namlhs/StrainDB_CRC/sourmash/database/gtdb-rs214-reps.k31.zip,"GCF_000025985.1 Bacteroides fragilis NCTC 9343, ASM2598v1",dec6823a28f0aea55b13c3be158528c4,0.4935064935064935,2508000,0,27767000,ERR2726542.fastq.gz,,077be4aa,44146000,31,DNA,1000,44146,True,0.9116340159588303,0.9774762671769377,0.944555141567884,0.9774762671769377,False,4359,4359,57900
1431000,0.03241516785212703,0.556420233463035,0.032392515743215694,0.06392055267702935,2.588111888111888,2.0,1.7593700998710338,/data/namlhs/StrainDB_CRC/sourmash/database/gtdb-rs214-reps.k31.zip,"GCF_000220235.1 Prevotella nigrescens ATCC 33563 strain=ATCC 33563, ASM22023v1",8814fea6230158cc3d23dbea0337a6b7,0.5568093385214008,1430000,1,26337000,ERR2726542.fastq.gz,,077be4aa,44146000,31,DNA,1000,44146,True,0.8952815234934564,0.9812891212585817,0.938285322376019,0.9812891212585817,False,3701,8060,57900
1384000,0.03135051873329407,0.2996477322765302,0.030829520228333258,0.03236614853195164,1.3769287288758265,1.0,0.6648714537615269,/data/namlhs/StrainDB_CRC/sourmash/database/gtdb-rs214-reps.k31.zip,"GCA_025147485.1 Bacteroides uniformis strain=ATCC 8492, ASM2514748v1",2fc80b3803e2d9af5d93edb14dd1cc3b,0.3047115808014091,1361000,2,24976000,ERR2726542.fastq.gz,,077be4aa,44146000,31,DNA,1000,44146,True,0.8943175749853276,0.962390343683361,0.9283539593343443,0.962390343683361,False,1874,9934,57900
1271000,0.02879083042631269,0.19177449168207025,0.02820187559461786,0.027322970639032815,1.2706827309236948,1.0,0.6386355433043627,/data/namlhs/StrainDB_CRC/sourmash/database/gtdb-rs214-reps.k31.zip,"GCF_001314995.1 Bacteroides ovatus strain=ATCC 8483, ASM131499v1",514bdd6aa640f40cc6414be0e11ec2f6,0.19577942082563154,1245000,3,23731000,ERR2726542.fastq.gz,,077be4aa,44146000,31,DNA,1000,44146,True,0.8918637705810448,0.9487543398065429,0.9203090551937938,0.9487543398065429,False,1582,11516,57900
1192000,0.027001313822316856,0.25011047282368537,0.025642187287636477,0.024162348877374784,1.2358657243816253,1.0,0.5300375441650104,/data/namlhs/StrainDB_CRC/sourmash/database/gtdb-rs214-reps.k31.zip,"GCF_002222615.2 Bacteroides caccae strain=ATCC 43185, ASM222261v2",47030cb09435e5a03e1ce6a49f0753a5,0.2633672116659302,1132000,4,22599000,ERR2726542.fastq.gz,,077be4aa,44146000,31,DNA,1000,44146,True,0.8900194811607622,0.9578741256110168,0.9239468033858895,0.9578741256110168,False,1399,12915,57900
1088000,0.024645494495537535,0.2134,0.024169800208399404,0.022797927461139896,1.2371134020618557,1.0,0.664405160091128,/data/namlhs/StrainDB_CRC/sourmash/database/gtdb-rs214-reps.k31.zip,"GCF_000012825.1 Bacteroides vulgatus ATCC 8482 strain=ATCC 8482, ASM1282v1",960cc77fc7b96d595712107aaa1524b5,0.2176,1067000,5,21532000,ERR2726542.fastq.gz,,077be4aa,44146000,31,DNA,1000,44146,True,0.8874023320579715,0.9519938828335154,0.9196981074457434,0.9519938828335154,False,1320,14235,57900
1123000,0.025438318307434423,0.16015873015873017,0.0228559778915417,0.020397236614853195,1.1704658077304262,1.0,0.4904235351973713,/data/namlhs/StrainDB_CRC/sourmash/database/gtdb-rs214-reps.k31.zip,"GCF_000011065.1 Bacteroides thetaiotaomicron VPI-5482 strain=VPI-5482, ASM1106v1",df098e390010d8add7b59e4ff0574d30,0.17825396825396825,1009000,6,20523000,ERR2726542.fastq.gz,,077be4aa,44146000,31,DNA,1000,44146,True,0.8883091628456595,0.9458885631926136,0.9170988630191366,0.9458885631926136,False,1181,15416,57900
829000,0.018778598287500566,0.4745277618775043,0.018778598287500566,0.02129533678756477,1.4873341375150784,1.0,0.7759324585749037,/data/namlhs/StrainDB_CRC/sourmash/database/gtdb-rs214-reps.k31.zip,"GCA_900105895.1 Atopobium minutum strain=DSM 20586, IMG-taxon 2634166360 annotated assembly",662d6156e4ac82a39245bbeb3481099b,0.4745277618775043,829000,7,19694000,ERR2726542.fastq.gz,,077be4aa,44146000,31,DNA,1000,44146,True,0.8796536624231259,0.9762405133422836,0.9279470878827047,0.9762405133422836,False,1233,16649,57900
755000,0.017102342228061434,0.12821907870874139,0.01601504100031713,0.014110535405872194,1.1555869872701556,1.0,0.4526918254468768,/data/namlhs/StrainDB_CRC/sourmash/database/gtdb-rs214-reps.k31.zip,"GCA_000613465.1 Bacteroides nordii WAL 11050 = JCM 12987 strain=JCM 12987, ASM61346v1",e1a6b1808735b4a3230b660a9d899fa2,0.13692419296336597,707000,8,18987000,ERR2726542.fastq.gz,,077be4aa,44146000,31,DNA,1000,44146,True,0.8770044425101002,0.9378740558407704,0.9074392491754353,0.9378740558407704,False,817,17466,57900
1211000,0.02743170389163231,0.11808695652173913,0.01538078195079962,0.014283246977547496,1.2179675994108983,1.0,0.4999864435381473,/data/namlhs/StrainDB_CRC/sourmash/database/gtdb-rs214-reps.k31.zip,"GCF_000210075.1 Bacteroides xylanisolvens XB1A strain=XB1A, ASM21007v1",c08f8e47dd318b08d89c36c36e6da9e1,0.2106086956521739,679000,9,18308000,ERR2726542.fastq.gz,,077be4aa,44146000,31,DNA,1000,44146,True,0.8904736187732126,0.9509915428651884,0.9207325808192005,0.9509915428651884,False,827,18293,57900
656000,0.014859783445838808,0.26432606941081516,0.014837131336927468,0.01633851468048359,1.4442748091603053,1.0,0.7306966565335018,/data/namlhs/StrainDB_CRC/sourmash/database/gtdb-rs214-reps.k31.zip,"GCF_003865035.1 Anaerotignum faecicola strain=KCTC 15736, ASM386503v1",0fa52b16ef37ab178f2b54115192a175,0.26472962066182404,655000,10,17653000,ERR2726542.fastq.gz,,077be4aa,44146000,31,DNA,1000,44146,True,0.87303702174851,0.9580335694676332,0.9155352956080716,0.9580335694676332,False,946,19239,57900
618000,0.013999003307207901,0.2809090909090909,0.013999003307207901,0.014887737478411054,1.3948220064724919,1.0,0.8041794451294995,/data/namlhs/StrainDB_CRC/sourmash/database/gtdb-rs214-reps.k31.zip,"GCF_003472385.1 Sutterella sp. AM11-39 strain=AM11-39, ASM347238v1",1710769024370124a31fd7d5794f732b,0.2809090909090909,618000,11,17035000,ERR2726542.fastq.gz,,077be4aa,44146000,31,DNA,1000,44146,True,0.871358117025555,0.959868632934472,0.9156133749800135,0.959868632934472,False,862,20101,57900
581000,0.013160875277488333,0.2212863705972435,0.013092918950754316,0.011934369602763385,1.1955017301038062,1.0,0.5373720246752534,/data/namlhs/StrainDB_CRC/sourmash/database/gtdb-rs214-reps.k31.zip,"GCF_000153925.1 [Ruminococcus] torques ATCC 27756 strain=ATCC 27756, ASM15392v1",09a733b1bc16d57b28af752939010678,0.22243491577335375,578000,12,16457000,ERR2726542.fastq.gz,,077be4aa,44146000,31,DNA,1000,44146,True,0.8696245004437546,0.9526689945697927,0.9111467475067736,0.9526689945697927,False,691,20792,57900
563000,0.012753137317084221,0.1694759423843089,0.012526616227970824,0.012072538860103626,1.2640144665461122,1.0,0.5436696154699967,/data/namlhs/StrainDB_CRC/sourmash/database/gtdb-rs214-reps.k31.zip,"GCF_003024715.1 Lachnoclostridium sp. SNUG30386 strain=SNUG30386, ASM302471v1",05fdfb341baa3ac1ba3aa5b66467573e,0.172540606803555,553000,13,15904000,ERR2726542.fastq.gz,,077be4aa,44146000,31,DNA,1000,44146,True,0.8687421076280611,0.9448950872809683,0.9068185974545147,0.9448950872809683,False,699,21491,57900
523000,0.011847052960630634,0.13879690949227372,0.011394010782403843,0.010500863557858377,1.2087475149105367,1.0,0.4906309301410996,/data/namlhs/StrainDB_CRC/sourmash/database/gtdb-rs214-reps.k31.zip,"GCF_008121495.1 [Ruminococcus] gnavus ATCC 29149 strain=JCM6515, ASM812149v1",4f9f7653a293be189ac633bff28f9766,0.1443156732891832,503000,14,15401000,ERR2726542.fastq.gz,,077be4aa,44146000,31,DNA,1000,44146,True,0.8666792478287808,0.9394660289272662,0.9030726383780234,0.9394660289272662,False,608,22099,57900
475000,0.010759751732886331,0.13931240657698057,0.010555882752684275,0.009360967184801382,1.1630901287553648,1.0,0.45766047682586847,/data/namlhs/StrainDB_CRC/sourmash/database/gtdb-rs214-reps.k31.zip,"GCF_001406815.1 Roseburia faecis strain=M72, M72",2761b9bfb8ee41b7d2e36ef75953884e,0.14200298953662183,466000,15,14935000,ERR2726542.fastq.gz,,077be4aa,44146000,31,DNA,1000,44146,True,0.8639920573083105,0.9389765744976967,0.9014843159030036,0.9389765744976967,False,542,22641,57900
440000,0.009966927920989445,0.08959478721238037,0.009966927920989445,0.008082901554404146,1.0636363636363637,1.0,0.25324342322152943,/data/namlhs/StrainDB_CRC/sourmash/database/gtdb-rs214-reps.k31.zip,"GCF_003697165.2 Escherichia coli DSM 30083 = JCM 1649 = ATCC 11775 strain=ATCC 11775, ASM369716v2",60bfe150353edefcbd7db7314951359d,0.08959478721238037,440000,16,14495000,ERR2726542.fastq.gz,,077be4aa,44146000,31,DNA,1000,44146,True,0.8618614622376457,0.9251297969429153,0.8934956295902805,0.9251297969429153,False,468,23109,57900
433000,0.009808363158610067,0.25440658049353704,0.009808363158610067,0.009550949913644214,1.2771362586605082,1.0,0.5236742834106263,/data/namlhs/StrainDB_CRC/sourmash/database/gtdb-rs214-reps.k31.zip,"GCA_900759325.1 uncultured Peptostreptococcus sp., ERS608583_75",86fc8b067cb620dc7e776973252947fe,0.25440658049353704,433000,17,14062000,ERR2726542.fastq.gz,,077be4aa,44146000,31,DNA,1000,44146,True,0.8614157171790766,0.9568051293329936,0.9091104232560351,0.9568051293329936,False,553,23662,57900
372000,0.008426584515018348,0.12491203377902885,0.008041498663525574,0.007098445595854922,1.1577464788732394,1.0,0.5231707156357944,/data/namlhs/StrainDB_CRC/sourmash/database/gtdb-rs214-reps.k31.zip,"GCA_025150085.1 Dorea longicatena strain=DSM 13814, ASM2515008v1",2e1846f271e5a6c1736e89d400b10289,0.13089373680506686,355000,18,13707000,ERR2726542.fastq.gz,,077be4aa,44146000,31,DNA,1000,44146,True,0.8572066565830287,0.9365123563124789,0.8968595064477538,0.9365123563124789,False,411,24073,57900
350000,0.007928238118968875,0.20983213429256595,0.007928238118968875,0.007927461139896372,1.3114285714285714,1.0,0.7192342867130803,/data/namlhs/StrainDB_CRC/sourmash/database/gtdb-rs214-reps.k31.zip,"GCF_900637905.1 Parvimonas micra strain=NCTC11808, 52756_G01",84ca7b1865bb8168dfec877ba33bb55a,0.20983213429256595,350000,19,13357000,ERR2726542.fastq.gz,,077be4aa,44146000,31,DNA,1000,44146,True,0.8555226381522008,0.9508782270657142,0.9032004326089575,0.9508782270657142,False,459,24532,57900
350000,0.007928238118968875,0.1418671015083571,0.007882933901146198,0.0075820379965457685,1.2614942528735633,1.0,0.5230437636590295,/data/namlhs/StrainDB_CRC/sourmash/database/gtdb-rs214-reps.k31.zip,"GCF_015670795.1 Collinsella aerofaciens strain=D40t1_170626_B5, ASM1567079v1",5202ece4ec251735d8af05b26ed5725d,0.14268242967794537,348000,20,13009000,ERR2726542.fastq.gz,,077be4aa,44146000,31,DNA,1000,44146,True,0.8555226381522008,0.9391211661754911,0.8973219021638459,0.9391211661754911,False,439,24971,57900
328000,0.007429891722919404,0.06564102564102564,0.007248674851628687,0.0059067357512953365,1.06875,1.0,0.25302853099996453,/data/namlhs/StrainDB_CRC/sourmash/database/gtdb-rs214-reps.k31.zip,"GCF_000012845.1 Parabacteroides distasonis ATCC 8503 strain=ATCC 8503, ASM1284v1",5feebdfe795727335c87e462e7a7cc14,0.06728205128205128,320000,21,12689000,ERR2726542.fastq.gz,,077be4aa,44146000,31,DNA,1000,44146,True,0.8537328953642958,0.9166220441719809,0.8851774697681383,0.9166220441719809,False,342,25313,57900
318000,0.007203370633806007,0.15052231718898385,0.007180718524894668,0.006614853195164076,1.2082018927444795,1.0,0.5394782941896554,/data/namlhs/StrainDB_CRC/sourmash/database/gtdb-rs214-reps.k31.zip,"GCA_000182945.1 Fusobacterium nucleatum subsp. vincentii ATCC 49256 strain=ATCC 49256, ASM18294v1",77ce1afe22a7b3d85fdd614b9aea2663,0.150997150997151,317000,22,12372000,ERR2726542.fastq.gz,,077be4aa,44146000,31,DNA,1000,44146,True,0.8528806284521904,0.9408385871587766,0.8968596078054835,0.9408385871587766,False,383,25696,57900
363000,0.008222715534816292,0.07523510971786834,0.00706745798033797,0.006735751295336788,1.25,1.0,0.7305161505085608,/data/namlhs/StrainDB_CRC/sourmash/database/gtdb-rs214-reps.k31.zip,"GCA_025146565.1 Bacteroides eggerthii strain=DSM 20697, ASM2514656v1",9216287e15b5df82656d9407b3ab0a7c,0.08753315649867374,312000,23,12060000,ERR2726542.fastq.gz,,077be4aa,44146000,31,DNA,1000,44146,True,0.85652970256242,0.9244353304099232,0.8904825164861716,0.9244353304099232,False,390,26086,57900
295000,0.006682372128845196,0.09378052751546727,0.006523807366465818,0.005716753022452504,1.1493055555555556,1.0,0.47353524563439275,/data/namlhs/StrainDB_CRC/sourmash/database/gtdb-rs214-reps.k31.zip,"GCF_003287405.1 Faecalibacterium prausnitzii strain=APC923/51-1, ASM328740v1",b11818d1b4bf0d22ae3d2662e33873ee,0.09605991533702377,288000,24,11772000,ERR2726542.fastq.gz,,077be4aa,44146000,31,DNA,1000,44146,True,0.8508176150351198,0.9272114384749538,0.8890145267550368,0.9272114384749538,False,331,26417,57900
774000,0.017532732297376886,0.049364791288566245,0.006161373623884384,0.007098445595854922,1.5110294117647058,1.0,1.0217612241296634,/data/namlhs/StrainDB_CRC/sourmash/database/gtdb-rs214-reps.k31.zip,"GCF_013009555.1 Bacteroides dorei strain=DSM 17855, ASM1300955v1",f906f0ea3324bc6db880a742f3f0b0ba,0.14047186932849365,272000,25,11500000,ERR2726542.fastq.gz,,077be4aa,44146000,31,DNA,1000,44146,True,0.8777078592099871,0.9386482669511369,0.908178063080562,0.9386482669511369,False,411,26828,57900
310000,0.00702215376251529,0.07336122733612273,0.005957504643682327,0.005094991364421416,1.1216730038022813,1.0,0.49371126503815765,/data/namlhs/StrainDB_CRC/sourmash/database/gtdb-rs214-reps.k31.zip,"GCF_003478035.1 Clostridium sp. OF03-18AA strain=OF03-18AA, ASM347803v1",b2cb449359263424b624c31f539ed929,0.08647140864714087,263000,26,11237000,ERR2726542.fastq.gz,,077be4aa,44146000,31,DNA,1000,44146,True,0.8521799287596914,0.9240714778008815,0.8881257032802865,0.9240714778008815,False,295,27123,57900
876000,0.01984324740633353,0.04411010429133185,0.005844244099125629,0.006027633851468048,1.3527131782945736,1.0,0.7994743931672911,/data/namlhs/StrainDB_CRC/sourmash/database/gtdb-rs214-reps.k31.zip,"GCA_019412865.1 Bacteroides sp., ASM1941286v1",9613cc43f66445d204862f98defb4271,0.14976919131475466,258000,27,10979000,ERR2726542.fastq.gz,,077be4aa,44146000,31,DNA,1000,44146,True,0.881219871992084,0.9405907973086864,0.9109053346503853,0.9405907973086864,False,349,27472,57900
268000,0.006070765188239025,0.06697864872769815,0.0051873329406967785,0.004283246977547495,1.0829694323144106,1.0,0.3331966437892627,/data/namlhs/StrainDB_CRC/sourmash/database/gtdb-rs214-reps.k31.zip,"GCA_025149785.1 Coprococcus comes ATCC 27758 strain=ATCC 27758, ASM2514978v1",8c91537000df08516afde1ea4eac7752,0.07838549283416203,229000,28,10750000,ERR2726542.fastq.gz,,077be4aa,44146000,31,DNA,1000,44146,True,0.8481872185158006,0.9211496335181311,0.8846684260169658,0.9211496335181311,False,248,27720,57900
257000,0.005821591990214289,0.03487132632861276,0.0051873329406967785,0.0065630397236614854,1.6593886462882097,1.0,6.131539309075309,/data/namlhs/StrainDB_CRC/sourmash/database/gtdb-rs214-reps.k31.zip,"GCF_000158035.1 Bacteroides cellulosilyticus DSM 14838 strain=DSM 14838, ASM15803v1",60210be30b063414acf935ddf123a997,0.039135069285823054,229000,29,10521000,ERR2726542.fastq.gz,,077be4aa,44146000,31,DNA,1000,44146,True,0.8470412744256328,0.9007388746054843,0.8738900745155586,0.9007388746054843,False,380,28100,57900
267000,0.006048113079327686,0.09571788413098237,0.00516468083178544,0.004421416234887738,1.1228070175438596,1.0,0.3779063022550529,/data/namlhs/StrainDB_CRC/sourmash/database/gtdb-rs214-reps.k31.zip,"GCA_900539945.1 uncultured Faecalibacterium sp., UMGS183",6327a0248cad78e44bcb1621925d80af,0.11209068010075567,228000,30,10293000,ERR2726542.fastq.gz,,077be4aa,44146000,31,DNA,1000,44146,True,0.8480849409075507,0.9318391477262,0.8899620443168754,0.9318391477262,False,256,28356,57900
226000,0.00511937661396276,0.05619668840943302,0.005074072396140081,0.004058721934369603,1.0491071428571428,1.0,0.2358478382477195,/data/namlhs/StrainDB_CRC/sourmash/database/gtdb-rs214-reps.k31.zip,"GCF_014384995.1 Zhenhengia yiwuensis strain=NSJ-12, ASM1438499v1",c88f7e1fe2c6e7904c59be86aea70d58,0.05669844455594581,224000,31,10069000,ERR2726542.fastq.gz,,077be4aa,44146000,31,DNA,1000,44146,True,0.843536300788649,0.911575443838982,0.8775558723138155,0.911575443838982,False,235,28591,57900
233000,0.0052779413763421375,0.07787174066243834,0.005006116069406061,0.004093264248704663,1.0723981900452488,1.0,0.2591460825932371,/data/namlhs/StrainDB_CRC/sourmash/database/gtdb-rs214-reps.k31.zip,"GCF_003024685.1 Faecalibacillus intestinalis strain=SNUG30099, ASM302468v1",626721b74388407d32907567679c1ac3,0.0821000704721635,221000,32,9848000,ERR2726542.fastq.gz,,077be4aa,44146000,31,DNA,1000,44146,True,0.844366734158391,0.9225264431254101,0.8834465886419005,0.9225264431254101,False,237,28828,57900
252000,0.00570833144565759,0.05147402901263454,0.004983463960494722,0.004024179620034542,1.059090909090909,1.0,0.2716265666968848,/data/namlhs/StrainDB_CRC/sourmash/database/gtdb-rs214-reps.k31.zip,"GCF_000190535.1 Odoribacter splanchnicus DSM 20712 strain=DSM 220712, ASM19053v1",b37a0141517537faad74a6d2ac4d5c41,0.058961160505381374,220000,33,9628000,ERR2726542.fastq.gz,,077be4aa,44146000,31,DNA,1000,44146,True,0.8465046116759579,0.9127268771987832,0.8796157444373706,0.9127268771987832,False,233,29061,57900
206000,0.004666334435735967,0.10939989378651088,0.004666334435735967,0.0038169257340241796,1.0728155339805825,1.0,0.27788877245362553,/data/namlhs/StrainDB_CRC/sourmash/database/gtdb-rs214-reps.k31.zip,"GCA_001917125.1 Azospirillum sp. 47_25, ASM191712v1",78b4991a72879d1d9630791392b0e2a2,0.10939989378651088,206000,34,9422000,ERR2726542.fastq.gz,,077be4aa,44146000,31,DNA,1000,44146,True,0.8410187397607165,0.9311090442942783,0.8860638920274975,0.9311090442942783,False,221,29282,57900
192000,0.004349204910977212,0.03954681487815306,0.004190640148597834,0.0032469775474956823,1.0162162162162163,1.0,0.12630617778970726,/data/namlhs/StrainDB_CRC/sourmash/database/gtdb-rs214-reps.k31.zip,"GCF_000466485.1 [Clostridium] symbiosum ATCC 14940 strain=ATCC 14940, ASM46648v1",1d173544271fef8a51c6d94810f03490,0.041043180846515606,185000,35,9237000,ERR2726542.fastq.gz,,077be4aa,44146000,31,DNA,1000,44146,True,0.8391115001775258,0.9021231736400186,0.8706173369087722,0.9021231736400186,False,188,29470,57900
262000,0.005934852534770987,0.07622579316028018,0.004190640148597834,0.003592400690846287,1.1243243243243244,1.0,0.3758992140694856,/data/namlhs/StrainDB_CRC/sourmash/database/gtdb-rs214-reps.k31.zip,"GCF_001457555.1 Fusobacterium nucleatum subsp. polymorphum strain=NCTC10562, NCTC10562",1cfb9c2c8c5ece22c205b7cb1cb18cc6,0.10795220436753193,185000,36,9052000,ERR2726542.fastq.gz,,077be4aa,44146000,31,DNA,1000,44146,True,0.8475679266651384,0.93070901340897,0.8891384700370542,0.93070901340897,False,208,29678,57900
296000,0.006705024237756535,0.04722792607802875,0.004167988039686495,0.0034196891191709843,1.076086956521739,1.0,0.3207903165950806,/data/namlhs/StrainDB_CRC/sourmash/database/gtdb-rs214-reps.k31.zip,"GCA_025147325.1 Bacteroides stercoris ATCC 43183 strain=ATCC 43183, ASM2514732v1",0878062848e44bf823b15b8a5d1eba75,0.07597535934291581,184000,37,8868000,ERR2726542.fastq.gz,,077be4aa,44146000,31,DNA,1000,44146,True,0.8509104991427843,0.9202221227242326,0.8855663109335085,0.9202221227242326,False,198,29876,57900
172000,0.0038961627327504193,0.07822506861848125,0.0038735106238390795,0.0031260794473229707,1.0584795321637428,1.0,0.25837101794590084,/data/namlhs/StrainDB_CRC/sourmash/database/gtdb-rs214-reps.k31.zip,"GCF_900187105.1 Eikenella corrodens strain=NCTC10596, 50618_F01",0b94460c88cc0ed7b4064ab97627a959,0.07868252516010979,171000,38,8697000,ERR2726542.fastq.gz,,077be4aa,44146000,31,DNA,1000,44146,True,0.8361392600166978,0.9212620270838333,0.8787006435502656,0.9212620270838333,False,181,30057,57900
181000,0.004100031712952476,0.057296932928884395,0.0038508585149277397,0.0031088082901554403,1.0588235294117647,1.0,0.25909077112406165,/data/namlhs/StrainDB_CRC/sourmash/database/gtdb-rs214-reps.k31.zip,"GCF_009695995.1 Lachnospiraceae bacterium WCA3-601-WT-6H strain=WCA3-601-WT-6H, ASM969599v1",a6be66ce83fd1772452d8972fe7fcb22,0.06100438153016515,170000,39,8527000,ERR2726542.fastq.gz,,077be4aa,44146000,31,DNA,1000,44146,True,0.8375160451228295,0.9137304493912481,0.8756232472570389,0.9137304493912481,False,180,30237,57900
165000,0.0037375979703710414,0.04461371055495103,0.003714945861459702,0.0029879101899827286,1.0548780487804879,1.0,0.31724901315435533,/data/namlhs/StrainDB_CRC/sourmash/database/gtdb-rs214-reps.k31.zip,"GCF_000577815.1 Clostridium saudiense strain=JCC, JCC",a6edb8082fd7164fb0ee7ab7745fcb67,0.04488574537540805,164000,40,8363000,ERR2726542.fastq.gz,,077be4aa,44146000,31,DNA,1000,44146,True,0.8350193412554423,0.9047313244924408,0.8698753328739415,0.9047313244924408,False,173,30410,57900
173000,0.003918814841661759,0.06197854588796186,0.003533728990168985,0.002901554404145078,1.0769230769230769,1.0,0.26646935501059654,/data/namlhs/StrainDB_CRC/sourmash/database/gtdb-rs214-reps.k31.zip,"GCF_018408575.1 Oscillibacter sp. MM50 strain=MM50, ASM1840857v1",be471ee2a9a4d83e479673ce2822bf12,0.0687326181962654,156000,41,8207000,ERR2726542.fastq.gz,,077be4aa,44146000,31,DNA,1000,44146,True,0.836295635853512,0.9172529673828642,0.8767743016181881,0.9172529673828642,False,168,30578,57900
153000,0.0034657726634349656,0.08712984054669703,0.0034657726634349656,0.0029533678756476682,1.1176470588235294,1.0,0.34187442694436654,/data/namlhs/StrainDB_CRC/sourmash/database/gtdb-rs214-reps.k31.zip,"GCF_900476045.1 Gemella morbillorum strain=NCTC11323, 50279_D01",5dc14daa41b752c7083233fdc57ca71b,0.08712984054669703,153000,42,8054000,ERR2726542.fastq.gz,,077be4aa,44146000,31,DNA,1000,44146,True,0.8329879366610335,0.9242976228600193,0.8786427797605264,0.9242976228600193,False,171,30749,57900
375000,0.008494540841752368,0.021033570135116312,0.0034204684456122865,0.0032815198618307427,1.2582781456953642,1.0,0.6455510112031704,/data/namlhs/StrainDB_CRC/sourmash/database/gtdb-rs214-reps.k31.zip,"GCA_900557355.1 uncultured Bacteroides sp., UMGS2042",987057f8f58832de97baec421bf869c2,0.05223568742164647,151000,43,7903000,ERR2726542.fastq.gz,,077be4aa,44146000,31,DNA,1000,44146,True,0.8574287895866546,0.9091679277001133,0.883298358643384,0.9091679277001133,False,190,30939,57900
167000,0.003782902188193721,0.03670393777345649,0.0034204684456122865,0.002677029360967185,1.0264900662251655,1.0,0.1605874920924787,/data/namlhs/StrainDB_CRC/sourmash/database/gtdb-rs214-reps.k31.zip,"GCF_000949455.1 Ruthenibacterium lactatiformans strain=585-1, ASM94945v1",4edd699389284f85ac20f9344f953c5f,0.04059309674282936,151000,44,7752000,ERR2726542.fastq.gz,,077be4aa,44146000,31,DNA,1000,44146,True,0.8353439396748021,0.9018023459936754,0.8685731428342387,0.9018023459936754,False,155,31094,57900
192000,0.004349204910977212,0.04178351093662367,0.003375164227789607,0.0027288428324697754,1.0604026845637584,1.0,0.2891363654837318,/data/namlhs/StrainDB_CRC/sourmash/database/gtdb-rs214-reps.k31.zip,"GCF_013300825.1 Blautia wexlerae strain=MSK.20.46, ASM1330082v1",c904d12975db86fd08a8995198b6cca6,0.0538418395961862,149000,45,7603000,ERR2726542.fastq.gz,,077be4aa,44146000,31,DNA,1000,44146,True,0.8391115001775258,0.9100565578821512,0.8745840290298386,0.9100565578821512,False,158,31252,57900
148000,0.0033525121188782677,0.032357473035439135,0.003329860009966928,0.002625215889464594,1.034013605442177,1.0,0.18126411693162214,/data/namlhs/StrainDB_CRC/sourmash/database/gtdb-rs214-reps.k31.zip,"GCF_000701705.1 Bilophila wadsworthia ATCC 49260 strain=ATCC 49260, ASM70170v1",aa387c39ac911f35b9a9d7259ce43062,0.0325775918996258,147000,46,7456000,ERR2726542.fastq.gz,,077be4aa,44146000,31,DNA,1000,44146,True,0.8320956225591898,0.8954258842633732,0.8637607534112814,0.8954258842633732,False,152,31404,57900
292000,0.006614415802111176,0.028795298726738493,0.003329860009966928,0.005043177892918826,1.9863945578231292,1.0,1.7918424165323994,/data/namlhs/StrainDB_CRC/sourmash/database/gtdb-rs214-reps.k31.zip,"GCF_009193325.2 Bacteroides sp. HF-5287 strain=HF-5287, ASM919332v2",20d3ad2db691676c0843017fd7066d73,0.05719882468168462,147000,47,7309000,ERR2726542.fastq.gz,,077be4aa,44146000,31,DNA,1000,44146,True,0.8505371232722985,0.9118338554376858,0.8811854893549922,0.9118338554376858,False,292,31696,57900
332000,0.007520500158564762,0.06627326373127554,0.003307207901055588,0.0030224525043177895,1.1986301369863013,1.0,0.4912921600117616,/data/namlhs/StrainDB_CRC/sourmash/database/gtdb-rs214-reps.k31.zip,"GCA_900541145.1 uncultured Collinsella sp., UMGS318",90540048e6c171e555802456189abc3b,0.15070358601906492,146000,48,7163000,ERR2726542.fastq.gz,,077be4aa,44146000,31,DNA,1000,44146,True,0.8540667801275201,0.9407795265661046,0.8974231533468124,0.9407795265661046,False,175,31871,57900
186000,0.004213292257509174,0.02934966216216216,0.0031486431386762107,0.0025043177892918825,1.0431654676258992,1.0,0.235988769307291,/data/namlhs/StrainDB_CRC/sourmash/database/gtdb-rs214-reps.k31.zip,"GCA_025151045.1 Parabacteroides johnsonii DSM 18315 strain=DSM 18315, ASM2515104v1",02081adae2cbefe2ee8ca3ea6ec78648,0.03927364864864865,139000,49,7024000,ERR2726542.fastq.gz,,077be4aa,44146000,31,DNA,1000,44146,True,0.8382525627429679,0.9008415878927534,0.8695470753178607,0.9008415878927534,False,145,32016,57900
130000,0.0029447741584741538,0.05719392314566577,0.0028994699406514747,0.002366148531951641,1.0703125,1.0,0.28459383750135914,/data/namlhs/StrainDB_CRC/sourmash/database/gtdb-rs214-reps.k31.zip,"GCF_003269275.1 Phascolarctobacterium faecium DSM 14760 strain=DSM 14760, ASM326927v1",d6ec1bf8f193a3a0129b996a97606afd,0.0580875781948168,128000,50,6896000,ERR2726542.fastq.gz,,077be4aa,44146000,31,DNA,1000,44146,True,0.8286221072963562,0.912287487630437,0.8704547974633966,0.912287487630437,False,137,32153,57900
124000,0.002808861505006116,0.037958929682638455,0.0027635572871834366,0.002158894645941278,1.0245901639344261,1.0,0.1548724887515671,/data/namlhs/StrainDB_CRC/sourmash/database/gtdb-rs214-reps.k31.zip,"GCF_900637705.1 Fusobacterium varium strain=NCTC10560, 52451_E01",344ef54e9f0055ebde278ea1d0270b76,0.038581207218419414,122000,51,6774000,ERR2726542.fastq.gz,,077be4aa,44146000,31,DNA,1000,44146,True,0.8273600118569997,0.9003248135743227,0.8638424127156612,0.9003248135743227,False,125,32278,57900
117000,0.0026502967426267387,0.05939086294416244,0.0026502967426267387,0.002158894645941278,1.0683760683760684,1.0,0.2523901377817675,/data/namlhs/StrainDB_CRC/sourmash/database/gtdb-rs214-reps.k31.zip,"GCA_025150565.1 Granulicatella adiacens ATCC 49175 strain=ATCC 49175, ASM2515056v1",60b3c047fa7c6ad3239278d12adf5837,0.05939086294416244,117000,52,6657000,ERR2726542.fastq.gz,,077be4aa,44146000,31,DNA,1000,44146,True,0.8258106279687071,0.9129407000155818,0.8693756639921444,0.9129407000155818,False,125,32403,57900
251000,0.0056856793367462514,0.0399444251476207,0.002604992524804059,0.002072538860103627,1.0434782608695652,1.0,0.20393111999232305,/data/namlhs/StrainDB_CRC/sourmash/database/gtdb-rs214-reps.k31.zip,"GCF_024168045.1 Dorea longicatena strain=NB2A-3-NA, ASM2416804v1",1689b6c3fb62fec0dd444e73a686577b,0.08718304967002431,115000,53,6542000,ERR2726542.fastq.gz,,077be4aa,44146000,31,DNA,1000,44146,True,0.8463960435438949,0.9243158257786428,0.8853559346612688,0.9243158257786428,False,120,32523,57900
145000,0.003284555792144249,0.031207226936764303,0.00258234041589272,0.0020207253886010365,1.0263157894736843,1.0,0.16007269816574266,/data/namlhs/StrainDB_CRC/sourmash/database/gtdb-rs214-reps.k31.zip,"GCA_025145845.1 Alistipes shahii WAL 8301 strain=WAL 8301, ASM2514584v1",00191848f4049b7a1cb875559983f7c7,0.039693402682726524,114000,54,6428000,ERR2726542.fastq.gz,,077be4aa,44146000,31,DNA,1000,44146,True,0.831546123552686,0.9011505777672258,0.8663483506599559,0.9011505777672258,False,117,32640,57900
115000,0.002604992524804059,0.0556640625,0.00258234041589272,0.002055267702936097,1.043859649122807,1.0,0.2047827636829606,/data/namlhs/StrainDB_CRC/sourmash/database/gtdb-rs214-reps.k31.zip,"GCA_900549405.1 uncultured Clostridiales bacterium, UMGS1178",a3dfec5e883625971d7d60d2b91dc61a,0.05615234375,114000,55,6314000,ERR2726542.fastq.gz,,077be4aa,44146000,31,DNA,1000,44146,True,0.825351450287878,0.9112908898113499,0.868321170049614,0.9112908898113499,False,119,32759,57900
141000,0.0031939473564988902,0.031413612565445025,0.0024464277624246817,0.0018998272884283246,1.0185185185185186,1.0,0.13481684980149108,/data/namlhs/StrainDB_CRC/sourmash/database/gtdb-rs214-reps.k31.zip,"GCF_000296465.1 Barnesiella intestinihominis YIT 11860 strain=YIT 11860, Barn_inte_YIT_11860_V1",1275c6492572d77c9e61dd4c70260ff4,0.04101221640488656,108000,56,6206000,ERR2726542.fastq.gz,,077be4aa,44146000,31,DNA,1000,44146,True,0.8307960894888805,0.9021012109781428,0.8664486502335116,0.9021012109781428,False,110,32869,57900
216000,0.004892855524849363,0.029076086956521738,0.002423775653513342,0.0020379965457685664,1.102803738317757,1.0,0.43092119190274786,/data/namlhs/StrainDB_CRC/sourmash/database/gtdb-rs214-reps.k31.zip,"GCF_003435375.1 Clostridium sp. AM34-11AC strain=AM34-11AC, ASM343537v1",c2d8b6207a026871224ccd15d94fc35d,0.058695652173913045,107000,57,6099000,ERR2726542.fastq.gz,,077be4aa,44146000,31,DNA,1000,44146,True,0.8423057290035875,0.9125940034038522,0.8774498662037198,0.9125940034038522,False,118,32987,57900
637000,0.014429393376523355,0.02127224381264062,0.002355819326779323,0.002469775474956822,1.375,1.0,0.7867594197817936,/data/namlhs/StrainDB_CRC/sourmash/database/gtdb-rs214-reps.k31.zip,"GCF_000614125.1 Bacteroides rodentium JCM 16496 strain=JCM 16496, ASM61412v1",710cdbb1b39af4ff433ed7fbad6c78ce,0.13029249335242382,104000,58,5995000,ERR2726542.fastq.gz,,077be4aa,44146000,31,DNA,1000,44146,True,0.8722096866689677,0.9363732808814255,0.9042914837751965,0.9363732808814255,False,143,33130,57900
707000,0.01601504100031713,0.028483663781066742,0.002310515108956644,0.002210708117443869,1.2549019607843137,1.0,0.5366247915060396,/data/namlhs/StrainDB_CRC/sourmash/database/gtdb-rs214-reps.k31.zip,"GCA_900755095.1 uncultured Bacteroides sp., ERS473029_19",300d2de3c2c21f7c37b9a66b2c49f0e7,0.19743088522759006,102000,59,5893000,ERR2726542.fastq.gz,,077be4aa,44146000,31,DNA,1000,44146,True,0.8751480917600754,0.94901145503292,0.9120797733964976,0.94901145503292,False,128,33258,57900
151000,0.0034204684456122865,0.030440024110910187,0.0022878630000453043,0.0018307426597582038,1.0495049504950495,1.0,0.2169198247545213,/data/namlhs/StrainDB_CRC/sourmash/database/gtdb-rs214-reps.k31.zip,"GCA_000020605.1 [Eubacterium] rectale ATCC 33656 strain=ATCC 33656, ASM2060v1",c7f0f63b1e20051e05be14074e3f6057,0.04550934297769741,101000,60,5792000,ERR2726542.fastq.gz,,077be4aa,44146000,31,DNA,1000,44146,True,0.8326344463406998,0.9051340888884599,0.8688842676145798,0.9051340888884599,False,106,33364,57900
178000,0.004032075386218457,0.022505114798817914,0.0022425587822226247,0.001848013816925734,1.0808080808080809,1.0,0.30737624352935233,/data/namlhs/StrainDB_CRC/sourmash/database/gtdb-rs214-reps.k31.zip,"GCA_019417795.1 Clostridiales bacterium, ASM1941779v1",6bae471e5a4f273d83204d975d3e2077,0.040463741759490794,99000,61,5693000,ERR2726542.fastq.gz,,077be4aa,44146000,31,DNA,1000,44146,True,0.8370646246150119,0.9017095025633947,0.8693870635892033,0.9017095025633947,False,107,33471,57900
122000,0.0027635572871834366,0.012663343661592347,0.002129298237665927,0.0016407599309153714,1.0106382978723405,1.0,0.10259202937226548,/data/namlhs/StrainDB_CRC/sourmash/database/gtdb-rs214-reps.k31.zip,"GCF_001881565.1 Eisenbergiella tayi strain=DSM 26961, ASM188156v1",9e874553e32e3e45ca8f11c1e28ad2c7,0.016435403475683685,94000,62,5599000,ERR2726542.fastq.gz,,077be4aa,44146000,31,DNA,1000,44146,True,0.8269261480825667,0.8758798353702939,0.8514029917264303,0.8758798353702939,False,95,33566,57900
188000,0.004258596475331854,0.02981651376146789,0.0020613419109319076,0.0016234887737478412,1.032967032967033,1.0,0.17855029460738372,/data/namlhs/StrainDB_CRC/sourmash/database/gtdb-rs214-reps.k31.zip,"GCF_023347255.1 Faecalibacterium sp. I4384 strain=I4384, ASM2334725v1",58b144de4acaed89ce9d8071641d7213,0.061598951507208385,91000,63,5508000,ERR2726542.fastq.gz,,077be4aa,44146000,31,DNA,1000,44146,True,0.838541817589889,0.9140163785489078,0.8762790980693984,0.9140163785489078,False,94,33660,57900
147000,0.003329860009966928,0.025992573550414167,0.0020613419109319076,0.0016753022452504318,1.065934065934066,1.0,0.324873527452626,/data/namlhs/StrainDB_CRC/sourmash/database/gtdb-rs214-reps.k31.zip,"GCF_902381825.1 Coprococcus catus, UHGG_MGYG-HGUT-01714",6d00b0a0ca344fdf96ce690671c5fa63,0.04198800342759212,91000,64,5417000,ERR2726542.fastq.gz,,077be4aa,44146000,31,DNA,1000,44146,True,0.8319136634937827,0.9027857277483585,0.8673496956210707,0.9027857277483585,False,97,33757,57900
88000,0.0019933855841978887,0.025007185972980742,0.0019707334752865494,0.0015544041450777201,1.0344827586206897,1.0,0.18246560765962697,/data/namlhs/StrainDB_CRC/sourmash/database/gtdb-rs214-reps.k31.zip,"GCF_000024265.1 Eggerthella lenta DSM 2243 strain=DSM 2243, ASM2426v1",85180973bcf7ff8f6fcf5e290ed49454,0.025294624892210404,87000,65,5330000,ERR2726542.fastq.gz,,077be4aa,44146000,31,DNA,1000,44146,True,0.8182575898688944,0.888146854543551,0.8532022222062228,0.888146854543551,False,90,33847,57900
136000,0.003080686811942192,0.024055944055944058,0.0019480813663752096,0.0015025906735751295,1.0116279069767442,1.0,0.10720400531735916,/data/namlhs/StrainDB_CRC/sourmash/database/gtdb-rs214-reps.k31.zip,"GCA_025147765.1 Blautia obeum ATCC 29174 strain=ATCC 29174, ASM2514776v1",6fb5d9fae55cc8ecb2a67f82352fb7a7,0.03804195804195804,86000,66,5244000,ERR2726542.fastq.gz,,077be4aa,44146000,31,DNA,1000,44146,True,0.8298290431768448,0.8999161127613547,0.8648725779690998,0.8999161127613547,False,87,33934,57900
119000,0.0026956009604494177,0.029835029835029836,0.0019254292574638699,0.001606217616580311,1.0941176470588236,1.0,0.39477557024852983,/data/namlhs/StrainDB_CRC/sourmash/database/gtdb-rs214-reps.k31.zip,"GCF_003481705.1 Butyricicoccus sp. OM04-18BH strain=OM04-18BH, ASM348170v1",d1739f7c5b49e127913a773fbf651c98,0.04176904176904177,85000,67,5159000,ERR2726542.fastq.gz,,077be4aa,44146000,31,DNA,1000,44146,True,0.8262622716018085,0.9026334753725678,0.8644478734871881,0.9026334753725678,False,93,34027,57900
158000,0.003579033207991664,0.03074141048824593,0.0019254292574638699,0.0015544041450777201,1.0588235294117647,1.0,0.23529411764705882,/data/namlhs/StrainDB_CRC/sourmash/database/gtdb-rs214-reps.k31.zip,"GCF_023347275.1 Faecalibacterium sp. I3389 strain=I3389, ASM2334727v1",88f1b5eec91b23fd70f1b11b9f13bd9a,0.05714285714285714,85000,68,5074000,ERR2726542.fastq.gz,,077be4aa,44146000,31,DNA,1000,44146,True,0.8338524651783318,0.9118050609851586,0.8728287630817452,0.9118050609851586,False,90,34117,57900
95000,0.002151950346577266,0.036939313984168866,0.0019027771485525303,0.0014853195164075993,1.0238095238095237,1.0,0.1524553389864964,/data/namlhs/StrainDB_CRC/sourmash/database/gtdb-rs214-reps.k31.zip,"GCF_000425005.1 Solobacterium moorei DSM 22971 strain=DSM 22971, ASM42500v1",5ed42096c336ced5adaf7a1dbd763aa9,0.04177660510114336,84000,69,4990000,ERR2726542.fastq.gz,,077be4aa,44146000,31,DNA,1000,44146,True,0.8202803924466806,0.9026387473112654,0.861459569878973,0.9026387473112654,False,86,34203,57900
170000,0.0038508585149277397,0.019990128331688055,0.0018348208218185113,0.0014853195164075993,1.0617283950617284,1.0,0.2406615887607152,/data/namlhs/StrainDB_CRC/sourmash/database/gtdb-rs214-reps.k31.zip,"GCF_000174195.1 Roseburia inulinivorans DSM 16841 strain=DSM 16841, ASM17419v1",2297ea50ecdd1c8050ea75a720bbf9de,0.041954590325765054,81000,70,4909000,ERR2726542.fastq.gz,,077be4aa,44146000,31,DNA,1000,44146,True,0.835823851197353,0.9027625440966984,0.8692931976470257,0.9027625440966984,False,86,34289,57900
334000,0.007565804376387442,0.009900990099009901,0.0018121687129071717,0.0017443868739205526,1.2625,1.0,0.7372881051529314,/data/namlhs/StrainDB_CRC/sourmash/database/gtdb-rs214-reps.k31.zip,"GCA_900761785.1 uncultured Bacteroides sp., SRS098827_17",6672ed00a5e62028f3d25099a8b409db,0.04133663366336634,80000,71,4829000,ERR2726542.fastq.gz,,077be4aa,44146000,31,DNA,1000,44146,True,0.8542322653716687,0.9023305233138258,0.8782813943427472,0.9023305233138258,False,101,34390,57900
80000,0.0018121687129071717,0.0411946446961895,0.0018121687129071717,0.001398963730569948,1.0125,1.0,0.11110243021644485,/data/namlhs/StrainDB_CRC/sourmash/database/gtdb-rs214-reps.k31.zip,"GCF_000296505.1 Schaalia turicensis ACS-279-V-Col4 strain=ACS-279-V-Col4, Acti_turi_ACS-279-V-COL4_V1",acafc930e899b7378e7c2c72ab8e14d4,0.0411946446961895,80000,72,4749000,ERR2726542.fastq.gz,,077be4aa,44146000,31,DNA,1000,44146,True,0.8157457023704033,0.9022303743858533,0.8589880383781283,0.9022303743858533,False,81,34471,57900
319000,0.007226022742717347,0.037089871611982884,0.0017668644950844924,0.0016753022452504318,1.2435897435897436,1.0,0.5589802399126063,/data/namlhs/StrainDB_CRC/sourmash/database/gtdb-rs214-reps.k31.zip,"GCA_900540985.1 uncultured Collinsella sp., UMGS300",c1ad42f98e1620c8e9a0cd8781edcbb4,0.15168806466951973,78000,73,4671000,ERR2726542.fastq.gz,,077be4aa,44146000,31,DNA,1000,44146,True,0.8529670136773894,0.9409771506234548,0.8969720821504221,0.9409771506234548,False,97,34568,57900
83000,0.0018801250396411906,0.036875303250849104,0.0017215602772618131,0.001312607944732297,1.0,1.0,0.0,/data/namlhs/StrainDB_CRC/sourmash/database/gtdb-rs214-reps.k31.zip,"GCA_004555865.1 Ruminococcaceae bacterium, ASM455586v1",c771b711db6d5014f18aa850c4e94bc2,0.04027171276079573,76000,74,4595000,ERR2726542.fastq.gz,,077be4aa,44146000,31,DNA,1000,44146,True,0.8167150145945234,0.9015711443425207,0.8591430794685221,0.9015711443425207,False,76,34644,57900
152000,0.0034431205545236263,0.015298738887740335,0.0016762560594391338,0.002521588946459413,1.972972972972973,1.5,1.4516809731887335,/data/namlhs/StrainDB_CRC/sourmash/database/gtdb-rs214-reps.k31.zip,"GCF_900108345.1 Bacteroides ndongoniae strain=Marseille-P3108, PRJEB16738",d77e3accd06539c1b1a49a23659dae8d,0.03142443663427744,74000,75,4521000,ERR2726542.fastq.gz,,077be4aa,44146000,31,DNA,1000,44146,True,0.8328117541487501,0.8943855172435766,0.8635986356961634,0.8943855172435766,False,146,34790,57900
403000,0.009128799891269877,0.028582615505090055,0.001653603950527794,0.0016234887737478412,1.2876712328767124,1.0,0.6077006304881872,/data/namlhs/StrainDB_CRC/sourmash/database/gtdb-rs214-reps.k31.zip,"GCA_019414665.1 Bacteroides sp., ASM1941466v1",fbc6cd1f096b1acd18d96b95d5e0a0a8,0.1577916992952232,73000,76,4448000,ERR2726542.fastq.gz,,077be4aa,44146000,31,DNA,1000,44146,True,0.8594228436303193,0.9421753699847037,0.9007991068075115,0.9421753699847037,False,94,34884,57900
167000,0.003782902188193721,0.023701298701298702,0.001653603950527794,0.001312607944732297,1.0410958904109588,1.0,0.25846523649470143,/data/namlhs/StrainDB_CRC/sourmash/database/gtdb-rs214-reps.k31.zip,"GCA_025150245.1 Dorea formicigenerans strain=ATCC 27755, ASM2515024v1",1a61bc75384814965146b3c8fd1a27a5,0.05422077922077922,73000,77,4375000,ERR2726542.fastq.gz,,077be4aa,44146000,31,DNA,1000,44146,True,0.8353439396748021,0.9102624701044327,0.8728032048896175,0.9102624701044327,False,76,34960,57900
159000,0.0036016853169030037,0.01787931462627266,0.0016309518416164545,0.0012780656303972367,1.0277777777777777,1.0,0.16433554953054488,/data/namlhs/StrainDB_CRC/sourmash/database/gtdb-rs214-reps.k31.zip,"GCA_003584705.1 Lachnospiraceae bacterium GAM79 strain=GAM79, ASM358470v1",e70cebeab558f667b40dfb9cb7c5e9f2,0.03948348646635212,72000,78,4303000,ERR2726542.fastq.gz,,077be4aa,44146000,31,DNA,1000,44146,True,0.8340221894259565,0.9009964513445642,0.8675093203852604,0.9009964513445642,False,74,35034,57900
71000,0.0016082997327051148,0.016584910067741182,0.0016082997327051148,0.0012780656303972367,1.0422535211267605,1.0,0.2619869751794123,/data/namlhs/StrainDB_CRC/sourmash/database/gtdb-rs214-reps.k31.zip,"GCF_000821305.1 Clostridium sp. CL-6, Clostridium culturomicsense",52d2ee04a9f421e2f8908acbd19108ea,0.016584910067741182,71000,79,4232000,ERR2726542.fastq.gz,,077be4aa,44146000,31,DNA,1000,44146,True,0.8126112043534648,0.8761357283550053,0.844373466354235,0.8761357283550053,False,74,35108,57900
71000,0.0016082997327051148,0.02178649237472767,0.0015856476237937752,0.0012262521588946459,1.0142857142857142,1.0,0.11866605518454393,/data/namlhs/StrainDB_CRC/sourmash/database/gtdb-rs214-reps.k31.zip,"GCF_014131695.1 Erysipelatoclostridium ramosum DSM 1402 strain=DSM 1402, ASM1413169v1",ece36072373c7b77383d2692bfd3aee1,0.02209772798008092,70000,80,4162000,ERR2726542.fastq.gz,,077be4aa,44146000,31,DNA,1000,44146,True,0.8126112043534648,0.884284186784685,0.848447695569075,0.884284186784685,False,71,35179,57900
76000,0.0017215602772618131,0.017908123540098624,0.0015629955148824355,0.001243523316062176,1.0434782608695652,1.0,0.20393111999232302,/data/namlhs/StrainDB_CRC/sourmash/database/gtdb-rs214-reps.k31.zip,"GCF_000239295.1 Flavonifractor plautii ATCC 29863 strain=ATCC 29863, ASM23929v1",2de6b86d95365c349243cb609e5c2a62,0.019724889696340515,69000,81,4093000,ERR2726542.fastq.gz,,077be4aa,44146000,31,DNA,1000,44146,True,0.8143970673074654,0.8810498273610972,0.8477234473342813,0.8810498273610972,False,72,35251,57900
200000,0.004530421782267929,0.025749423520368946,0.0015176912970597562,0.002746113989637306,2.373134328358209,2.0,1.5144657783839788,/data/namlhs/StrainDB_CRC/sourmash/database/gtdb-rs214-reps.k31.zip,"GCF_001953955.1 Prevotella intermedia ATCC 25611 = DSM 20706 strain=ATCC 25611, ASM195395v1",e0782353e0bef5803e7f7a2e55f9d6ba,0.07686395080707148,67000,82,4026000,ERR2726542.fastq.gz,,077be4aa,44146000,31,DNA,1000,44146,True,0.8402172023902287,0.920567357381016,0.8803922798856223,0.920567357381016,False,159,35410,57900
67000,0.0015176912970597562,0.009436744323208493,0.0014497349703257373,0.0011053540587219344,1.0,1.0,0.0,/data/namlhs/StrainDB_CRC/sourmash/database/gtdb-rs214-reps.k31.zip,"GCF_003201875.1 Hungatella effluvii strain=DSM 24995, ASM320187v1",66f33a40a2f3109dbb0d8031941a2a01,0.00987909171335889,64000,83,3962000,ERR2726542.fastq.gz,,077be4aa,44146000,31,DNA,1000,44146,True,0.8110925897920883,0.8616153989875559,0.8363539943898222,0.8616153989875559,False,64,35474,57900
69000,0.0015629955148824355,0.018762826150688947,0.0014497349703257373,0.001243523316062176,1.125,1.0,0.375,/data/namlhs/StrainDB_CRC/sourmash/database/gtdb-rs214-reps.k31.zip,"GCF_900447045.1 Clostridium paraputrificum strain=NCTC11833, 52087_F01",0c8b45ec7f1c8bbbe19cb015f398911d,0.020228671943711522,64000,84,3898000,ERR2726542.fastq.gz,,077be4aa,44146000,31,DNA,1000,44146,True,0.8118625480588344,0.8817668878934978,0.846814717976166,0.8817668878934978,False,72,35546,57900
563000,0.012753137317084221,0.011203983638627067,0.0014270828614143976,0.0013298791018998273,1.2222222222222223,1.0,0.41573970964154905,/data/namlhs/StrainDB_CRC/sourmash/database/gtdb-rs214-reps.k31.zip,"GCF_009193295.2 Bacteroides sp. HF-5141 strain=HF-5141, ASM919329v2",b4482d10cb2488078dd11fc3de09368a,0.10012448870709585,63000,85,3835000,ERR2726542.fastq.gz,,077be4aa,44146000,31,DNA,1000,44146,True,0.8687421076280611,0.928451805023832,0.8985969563259466,0.928451805023832,False,77,35623,57900
348000,0.007882933901146198,0.013780431786862656,0.0013591265346803787,0.0013471502590673575,1.3,1.0,0.6137317546507324,/data/namlhs/StrainDB_CRC/sourmash/database/gtdb-rs214-reps.k31.zip,"GCF_004793475.1 Bacteroides sp. NM69_E16B strain=NM69_E16B, ASM479347v1",aa21d6a4e240d950eb3b686e2a4fae57,0.0799265043638034,60000,86,3775000,ERR2726542.fastq.gz,,077be4aa,44146000,31,DNA,1000,44146,True,0.8553645004485365,0.9217283164099346,0.8885464084292356,0.9217283164099346,False,78,35701,57900
139000,0.0031486431386762107,0.016124624214266192,0.0013364744257690392,0.0010535405872193436,1.0338983050847457,1.0,0.18096742800053073,/data/namlhs/StrainDB_CRC/sourmash/database/gtdb-rs214-reps.k31.zip,"GCA_902362725.1 Clostridiaceae bacterium, MGYG-HGUT-00051",cc3f4e6331ad6004e2e014363ff7b343,0.03798852145394917,59000,87,3716000,ERR2726542.fastq.gz,,077be4aa,44146000,31,DNA,1000,44146,True,0.8304133158417247,0.8998753079339179,0.8651443118878213,0.8998753079339179,False,61,35762,57900
102000,0.002310515108956644,0.02024432809773124,0.0013138223168576994,0.0010880829015544042,1.0862068965517242,1.0,0.38437063464841303,/data/namlhs/StrainDB_CRC/sourmash/database/gtdb-rs214-reps.k31.zip,"GCA_003096535.1 Agathobaculum butyriciproducens strain=DSM 100391, ASM309653v1",5998c1d4c3c14df80fd6cff6ba682767,0.0356020942408377,58000,88,3658000,ERR2726542.fastq.gz,,077be4aa,44146000,31,DNA,1000,44146,True,0.8221637961922139,0.8979939375127778,0.8600788668524959,0.8979939375127778,False,63,35825,57900
89000,0.0020160376931092285,0.016124548234639977,0.0013138223168576994,0.001001727115716753,1.0,1.0,0.0,/data/namlhs/StrainDB_CRC/sourmash/database/gtdb-rs214-reps.k31.zip,"GCF_000265365.1 Alistipes finegoldii DSM 17242 strain=DSM 17242, ASM26536v1",79a393fb99d8977a1fe96a36cabdd09c,0.024742841256602723,58000,89,3600000,ERR2726542.fastq.gz,,077be4aa,44146000,31,DNA,1000,44146,True,0.8185559005829424,0.8875151853306651,0.8530355429568037,0.8875151853306651,False,58,35883,57900
103000,0.0023331672178679833,0.015783540022547914,0.0012685180990350201,0.0010362694300518134,1.0714285714285714,1.0,0.3194382824999699,/data/namlhs/StrainDB_CRC/sourmash/database/gtdb-rs214-reps.k31.zip,"GCF_015557635.1 Fusicatenibacter saccharivorans strain=D41t1_190614_C8, ASM1555763v1",7e75980e185a634bb1b9c7535e692c2d,0.0290304396843292,56000,90,3544000,ERR2726542.fastq.gz,,077be4aa,44146000,31,DNA,1000,44146,True,0.8224225844552773,0.892102245842549,0.8572624151489132,0.892102245842549,False,60,35943,57900
677000,0.01533547773297694,0.011002200440088018,0.0012458659901236806,0.0017443868739205526,1.8363636363636364,1.0,1.3040306237848078,/data/namlhs/StrainDB_CRC/sourmash/database/gtdb-rs214-reps.k31.zip,"GCF_019583405.1 Bacteroides fragilis strain=S82, ASM1958340v1",77a7ed2c6c963d84f505bc3ff58ba172,0.13542708541708343,55000,91,3489000,ERR2726542.fastq.gz,,077be4aa,44146000,31,DNA,1000,44146,True,0.8739248864333676,0.93754150061904,0.9057331935262039,0.93754150061904,False,101,36044,57900
55000,0.0012458659901236806,0.025444071051368217,0.0012005617723010013,0.0009326424870466321,1.0188679245283019,1.0,0.1360585386967543,/data/namlhs/StrainDB_CRC/sourmash/database/gtdb-rs214-reps.k31.zip,"GCF_000162875.1 Slackia exigua ATCC 700122 strain=ATCC 700122, ASM16287v1",1b712917f0032d57d0a53a9d2d7894d4,0.026404224675948152,53000,92,3436000,ERR2726542.fastq.gz,,077be4aa,44146000,31,DNA,1000,44146,True,0.8059452254323578,0.8893777070966589,0.8476614662645083,0.8893777070966589,False,54,36098,57900
69000,0.0015629955148824355,0.015129473377945884,0.0011779096633896616,0.0009326424870466321,1.0384615384615385,1.0,0.27467032417472503,/data/namlhs/StrainDB_CRC/sourmash/database/gtdb-rs214-reps.k31.zip,"GCA_900547475.1 uncultured Clostridium sp., UMGS990",4effc200458b2ee60a5b0ef5aeeedfee,0.02007564736688973,52000,93,3384000,ERR2726542.fastq.gz,,077be4aa,44146000,31,DNA,1000,44146,True,0.8118625480588344,0.8815509242818813,0.8467067361703579,0.8815509242818813,False,54,36152,57900
107000,0.002423775653513342,0.013419354838709678,0.0011779096633896616,0.0009326424870466321,1.0384615384615385,1.0,0.1923076923076923,/data/namlhs/StrainDB_CRC/sourmash/database/gtdb-rs214-reps.k31.zip,"GCF_003473545.1 Clostridium sp. AM22-11AC strain=AM22-11AC, ASM347354v1",873a8b7cc5e0a6e07152a8bfd5c774b1,0.02761290322580645,52000,94,3332000,ERR2726542.fastq.gz,,077be4aa,44146000,31,DNA,1000,44146,True,0.8234339856544431,0.8906627568060138,0.8570483712302285,0.8906627568060138,False,54,36206,57900
171000,0.0038735106238390795,0.008569988237271047,0.001155257554478322,0.0028670120898100174,3.2549019607843137,1.0,7.090018217446388,/data/namlhs/StrainDB_CRC/sourmash/database/gtdb-rs214-reps.k31.zip,"GCF_000172175.1 Bacteroides intestinalis DSM 17393 strain=DSM 17393, ASM17217v1",ddc3bbfa80864ba686c6a00380ae271a,0.028734666442614687,51000,95,3281000,ERR2726542.fastq.gz,,077be4aa,44146000,31,DNA,1000,44146,True,0.8359820018586457,0.8918075945812703,0.8638947982199581,0.8918075945812703,False,166,36372,57900
55000,0.0012458659901236806,0.02858744394618834,0.001155257554478322,0.0008981001727115717,1.0196078431372548,1.0,0.1386483884679505,/data/namlhs/StrainDB_CRC/sourmash/database/gtdb-rs214-reps.k31.zip,"GCF_000525775.1 Mogibacterium timidum ATCC 33093 strain=ATCC 33093, MtimATCC33093v1.0",336f4ad64db577f8f9fd1097858b913f,0.030829596412556053,51000,96,3230000,ERR2726542.fastq.gz,,077be4aa,44146000,31,DNA,1000,44146,True,0.8059452254323578,0.89383432226352,0.849889773847939,0.89383432226352,False,52,36424,57900
